mp-13765,"Full Formula (Ce3 Co11 B4)
Reduced Formula: Ce3Co11B4
abc   :   5.020510   5.020511   9.865520
angles:  90.000000  90.000000 119.999995
pbc   :       True       True       True
Sites (18)
  #  SP           a         b         c    magmom
---  ----  --------  --------  --------  --------
  0  Ce    0         0         0.660934    -0.258
  1  Ce    0         0         0.339066    -0.25
  2  Ce    0         0         0           -0.489
  3  Co    0.666667  0.333333  0            1.349
  4  Co    0.5       0         0.5          0.076
  5  Co    0.5       0.5       0.5          0.077
  6  Co    0         0.5       0.5          0.083
  7  Co    0.5       0         0.204922     0.368
  8  Co    0.5       0.5       0.204922     0.369
  9  Co    0         0.5       0.204922     0.371
 10  Co    0.5       0         0.795078     0.373
 11  Co    0.5       0.5       0.795078     0.374
 12  Co    0         0.5       0.795078     0.386
 13  Co    0.333333  0.666667  0            1.327
 14  B     0.333333  0.666667  0.649517    -0.014
 15  B     0.666667  0.333333  0.649517    -0.014
 16  B     0.666667  0.333333  0.350483    -0.014
 17  B     0.333333  0.666667  0.350483    -0.014",0.016073436
mp-1227149,"Full Formula (Ce2 Fe17 C1)
Reduced Formula: Ce2Fe17C
abc   :   6.474671   6.474671   6.487337
angles:  83.329508  83.329508  83.067279
pbc   :       True       True       True
Sites (20)
  #  SP           a         b         c    magmom
---  ----  --------  --------  --------  --------
  0  Ce    0.335161  0.335161  0.355159    -0.845
  1  Ce    0.664839  0.664839  0.644841    -0.845
  2  Fe    0.715799  0.284201  0            1.697
  3  Fe    0.287548  0.999501  0.713527     2.405
  4  Fe    0.000499  0.712452  0.286473     2.397
  5  Fe    0.712452  0.000499  0.286473     2.405
  6  Fe    0.999501  0.287549  0.713527     2.397
  7  Fe    0.284201  0.715799  0            1.697
  8  Fe    0         0         0.5          2.165
  9  Fe    0         0.5       0            2.339
 10  Fe    0.5       0         0            2.319
 11  Fe    0.656021  0.656021  0.147371     1.887
 12  Fe    0.657312  0.152233  0.656632     2.467
 13  Fe    0.152233  0.657312  0.656632     2.462
 14  Fe    0.343979  0.343979  0.852629     1.887
 15  Fe    0.342688  0.847767  0.343368     2.467
 16  Fe    0.847767  0.342688  0.343368     2.462
 17  Fe    0.096048  0.096048  0.096882     2.623
 18  Fe    0.903952  0.903952  0.903118     2.623
 19  C     0.5       0.5       0           -0.146",0.133839457
mp-1101986,"Full Formula (Gd3 Ni9)
Reduced Formula: GdNi3
abc   :   4.938837   4.938837   8.672702
angles:  73.457014  73.457014  59.999999
pbc   :       True       True       True
Sites (12)
  #  SP           a         b          c    magmom
---  ----  --------  --------  ---------  --------
  0  Gd    0         0         -0            7.03
  1  Gd    0.138844  0.138844   0.583467     7.044
  2  Gd    0.861156  0.861156   0.416533     7.044
  3  Ni    0.5       0.5        0.5         -0.111
  4  Ni    0.332847  0.332847   0.00146     -0.116
  5  Ni    0.667153  0.667153   0.99854     -0.116
  6  Ni    0.082121  0.581398   0.755082    -0.143
  7  Ni    0.581398  0.581398   0.755082    -0.155
  8  Ni    0.581398  0.082121   0.755082    -0.166
  9  Ni    0.917879  0.418602   0.244918    -0.143
 10  Ni    0.418602  0.418602   0.244918    -0.155
 11  Ni    0.418602  0.917879   0.244918    -0.166",0.039197128
mp-13268,"Full Formula (Gd2 Co8 B2)
Reduced Formula: GdCo4B
abc   :   5.036625   5.036625   6.813647
angles:  90.000000  90.000000 120.000008
pbc   :       True       True       True
Sites (12)
  #  SP           a         b         c    magmom
---  ----  --------  --------  --------  --------
  0  Gd    0         0         0.5         -7.133
  1  Gd    0         0         0            6.83
  2  Co    0.333333  0.666667  0            1.647
  3  Co    0.666667  0.333333  0            1.649
  4  Co    0.5       0         0.288789     0.741
  5  Co    0.5       0.5       0.288789     0.777
  6  Co    0         0.5       0.288789     0.76
  7  Co    0.5       0         0.711211     0.741
  8  Co    0.5       0.5       0.711211     0.777
  9  Co    0         0.5       0.711211     0.76
 10  B     0.666667  0.333333  0.5         -0.041
 11  B     0.333333  0.666667  0.5         -0.041",0.023846527
mp-1179239,"Full Formula (Tb2 Fe4)
Reduced Formula: TbFe2
abc   :  10.818550   2.752016   7.489390
angles: 102.080786 136.241253  73.155661
pbc   :       True       True       True
Sites (6)
  #  SP           a          b     c    magmom
---  ----  --------  ---------  ----  --------
  0  Tb     0.74745   0.876904   1      -0.748
  1  Tb     0.25255   0.123096   0      -0.748
  2  Fe    -0         0.5       -0       2.916
  3  Fe     0.5      -0          0.5     2.875
  4  Fe    -0        -0          0.5     2.896
  5  Fe     0.5      -0         -0       2.843",0.035246413
mp-1225154,"Full Formula (Fe3 Sn1)
Reduced Formula: Fe3Sn
abc   :   3.186942   3.186942   5.635828
angles:  90.000000  90.000000  90.000000
pbc   :       True       True       True
Sites (4)
  #  SP      a    b         c    magmom
---  ----  ---  ---  --------  --------
  0  Fe    0.5  0.5  0.214341    -2.445
  1  Fe    0.5  0.5  0.785659    -2.445
  2  Fe    0    0    0           -2.66
  3  Sn    0    0    0.5          0.084",0.026668028
mp-4603,"Full Formula (Nd3 Co13 B2)
Reduced Formula: Nd3Co13B2
abc   :   5.072537   5.072537  10.776098
angles:  90.000000  90.000000 119.999991
pbc   :       True       True       True
Sites (18)
  #  SP           a         b         c    magmom
---  ----  --------  --------  --------  --------
  0  Nd    0         0         0.677225    -0.001
  1  Nd    0         0         0.322775    -0.001
  2  Nd    0         0         0            0.023
  3  Co    0         0.5       0.865485    -0.152
  4  Co    0.5       0         0.5          0.189
  5  Co    0.5       0.5       0.5          0.183
  6  Co    0         0.5       0.5          0.191
  7  Co    0.333333  0.666667  0.318193    -0.064
  8  Co    0.666667  0.333333  0.318193    -0.064
  9  Co    0.666667  0.333333  0.681807    -0.064
 10  Co    0.333333  0.666667  0.681807    -0.064
 11  Co    0.5       0         0.134515    -0.128
 12  Co    0.5       0.5       0.134515    -0.135
 13  Co    0         0.5       0.134515    -0.152
 14  Co    0.5       0         0.865485    -0.128
 15  Co    0.5       0.5       0.865485    -0.135
 16  B     0.666667  0.333333  0            0.009
 17  B     0.333333  0.666667  0            0.009",0.001239612
mp-30640,"Full Formula (Tm4 Fe34)
Reduced Formula: Tm2Fe17
abc   :   8.404594   8.404594   8.257652
angles:  90.000000  90.000000 120.000001
pbc   :       True       True       True
Sites (38)
  #  SP           a         b         c    magmom
---  ----  --------  --------  --------  --------
  0  Tm    0         0         0.25        -0.448
  1  Tm    0         0         0.75        -0.448
  2  Tm    0.333333  0.666667  0.75        -0.476
  3  Tm    0.666667  0.333333  0.25        -0.476
  4  Fe    0.333333  0.666667  0.106812     2.603
  5  Fe    0.666667  0.333333  0.606812     2.595
  6  Fe    0.666667  0.333333  0.893188     2.603
  7  Fe    0.333333  0.666667  0.393188     2.595
  8  Fe    0.5       0         0            1.995
  9  Fe    0.5       0.5       0.5          2.01
 10  Fe    0         0.5       0.5          1.971
 11  Fe    0         0.5       0            1.991
 12  Fe    0.5       0.5       0            1.995
 13  Fe    0.5       0         0.5          2.01
 14  Fe    0.329212  0.96414   0.25         2.389
 15  Fe    0.365072  0.329212  0.75         2.374
 16  Fe    0.96414   0.634928  0.75         2.398
 17  Fe    0.03586   0.365072  0.25         2.398
 18  Fe    0.634928  0.670788  0.25         2.374
 19  Fe    0.365072  0.03586   0.75         2.374
 20  Fe    0.670788  0.634928  0.75         2.389
 21  Fe    0.670788  0.03586   0.75         2.389
 22  Fe    0.96414   0.329212  0.75         2.398
 23  Fe    0.03586   0.670788  0.25         2.398
 24  Fe    0.634928  0.96414   0.25         2.374
 25  Fe    0.329212  0.365072  0.25         2.389
 26  Fe    0.165661  0.331323  0.985591     2.216
 27  Fe    0.834339  0.165661  0.485591     2.208
 28  Fe    0.331323  0.165661  0.485591     2.206
 29  Fe    0.668677  0.834339  0.985591     2.209
 30  Fe    0.165661  0.834339  0.985591     2.216
 31  Fe    0.834339  0.668677  0.014409     2.216
 32  Fe    0.834339  0.165661  0.014409     2.216
 33  Fe    0.834339  0.668677  0.485591     2.208
 34  Fe    0.331323  0.165661  0.014409     2.209
 35  Fe    0.668677  0.834339  0.514409     2.206
 36  Fe    0.165661  0.331323  0.514409     2.208
 37  Fe    0.165661  0.834339  0.514409     2.208",0.074217507
mp-4238,"Full Formula (Mn3 Fe3 As3)
Reduced Formula: MnFeAs
abc   :   6.263068   6.263068   3.450024
angles:  90.000000  90.000000 120.000000
pbc   :       True       True       True
Sites (9)
  #  SP           a         b    c    magmom
---  ----  --------  --------  ---  --------
  0  Mn    0.594506  0         0.5     0.053
  1  Mn    0.405494  0.405494  0.5     0.044
  2  Mn    0         0.594506  0.5     0.065
  3  Fe    0.254962  0         0      -0.023
  4  Fe    0.745038  0.745038  0       0.007
  5  Fe    0         0.254962  0      -0.017
  6  As    0.333333  0.666667  0      -0
  7  As    0.666667  0.333333  0      -0
  8  As    0         0         0.5    -0",0.000831856
mp-356,"Full Formula (Nd2 Co17)
Reduced Formula: Nd2Co17
abc   :   6.320291   6.320291   6.320291
angles:  83.103662  83.103662  83.103659
pbc   :       True       True       True
Sites (19)
  #  SP           a         b         c    magmom
---  ----  --------  --------  --------  --------
  0  Nd    0.344637  0.344637  0.344637    -0.243
  1  Nd    0.655363  0.655363  0.655363    -0.243
  2  Co    0.09578   0.09578   0.09578      1.652
  3  Co    0.90422   0.90422   0.90422      1.652
  4  Co    0         0         0.5          1.615
  5  Co    0         0.5       0            1.551
  6  Co    0.5       0         0            1.526
  7  Co    0.715031  0.284969  0            1.568
  8  Co    0.284969  0         0.715031     1.58
  9  Co    0         0.715031  0.284969     1.548
 10  Co    0.284969  0.715031  0            1.568
 11  Co    0.715031  0         0.284969     1.58
 12  Co    0         0.284969  0.715031     1.548
 13  Co    0.148424  0.65701   0.65701      1.539
 14  Co    0.65701   0.65701   0.148424     1.529
 15  Co    0.65701   0.148424  0.65701      1.531
 16  Co    0.34299   0.851576  0.34299      1.531
 17  Co    0.851576  0.34299   0.34299      1.539
 18  Co    0.34299   0.34299   0.851576     1.529",0.101907674
mp-21286,"Full Formula (Mn4 Co4 Ge4)
Reduced Formula: MnCoGe
abc   :   3.798943   5.811809   7.057004
angles:  90.000000  90.000000  90.000000
pbc   :       True       True       True
Sites (12)
  #  SP       a         b         c    magmom
---  ----  ----  --------  --------  --------
  0  Mn    0.75  0.471505  0.304916     0.001
  1  Mn    0.25  0.528495  0.695084     0
  2  Mn    0.25  0.028495  0.804916     0.01
  3  Mn    0.75  0.971505  0.195084     0.009
  4  Co    0.75  0.840487  0.561689    -0.042
  5  Co    0.75  0.340487  0.938311     0.021
  6  Co    0.25  0.159513  0.438311    -0.039
  7  Co    0.25  0.659513  0.061689     0.022
  8  Ge    0.75  0.241976  0.616872     0
  9  Ge    0.25  0.758024  0.383128     0
 10  Ge    0.75  0.741976  0.883128    -0
 11  Ge    0.25  0.258024  0.116872    -0.001",0.000312732
mp-505622,"Full Formula (Mn4 N1)
Reduced Formula: Mn4N
abc   :   3.755362   3.755362   3.755362
angles:  90.000000  90.000000  90.000000
pbc   :       True       True       True
Sites (5)
  #  SP      a    b    c    magmom
---  ----  ---  ---  ---  --------
  0  Mn    0    0    0       3.329
  1  Mn    0.5  0.5  0      -0.758
  2  Mn    0.5  0    0.5    -0.663
  3  Mn    0    0.5  0.5    -0.758
  4  N     0.5  0.5  0.5     0.095",0.02575035
mp-1724,"Full Formula (Er4 Fe34)
Reduced Formula: Er2Fe17
abc   :   8.508390   8.508390   8.181635
angles:  90.000000  90.000000 120.000001
pbc   :       True       True       True
Sites (38)
  #  SP           a         b         c    magmom
---  ----  --------  --------  --------  --------
  0  Er    0         0         0.25        -0.47
  1  Er    0         0         0.75        -0.47
  2  Er    0.333333  0.666667  0.75        -0.491
  3  Er    0.666667  0.333333  0.25        -0.491
  4  Fe    0.333333  0.666667  0.394952     2.622
  5  Fe    0.666667  0.333333  0.605048     2.622
  6  Fe    0.666667  0.333333  0.894952     2.629
  7  Fe    0.333333  0.666667  0.105048     2.629
  8  Fe    0.5       0.5       0.5          2.141
  9  Fe    0.5       0         0.5          2.141
 10  Fe    0         0.5       0.5          2.131
 11  Fe    0.5       0.5       0            2.137
 12  Fe    0.5       0         0            2.137
 13  Fe    0         0.5       0            2.117
 14  Fe    0.329362  0.367683  0.25         2.425
 15  Fe    0.632317  0.961679  0.25         2.424
 16  Fe    0.038321  0.670638  0.25         2.428
 17  Fe    0.632317  0.670638  0.25         2.424
 18  Fe    0.038321  0.367683  0.25         2.428
 19  Fe    0.329362  0.961679  0.25         2.425
 20  Fe    0.670638  0.632317  0.75         2.425
 21  Fe    0.367683  0.038321  0.75         2.424
 22  Fe    0.961679  0.329362  0.75         2.428
 23  Fe    0.367683  0.329362  0.75         2.424
 24  Fe    0.961679  0.632317  0.75         2.428
 25  Fe    0.670638  0.038321  0.75         2.425
 26  Fe    0.165917  0.834083  0.516736     2.401
 27  Fe    0.165917  0.331834  0.516736     2.401
 28  Fe    0.668166  0.834083  0.516736     2.395
 29  Fe    0.834083  0.165917  0.483264     2.401
 30  Fe    0.834083  0.668166  0.483264     2.401
 31  Fe    0.331834  0.165917  0.483264     2.395
 32  Fe    0.834083  0.165917  0.016736     2.405
 33  Fe    0.834083  0.668166  0.016736     2.405
 34  Fe    0.331834  0.165917  0.016736     2.404
 35  Fe    0.165917  0.834083  0.983264     2.405
 36  Fe    0.165917  0.331834  0.983264     2.405
 37  Fe    0.668166  0.834083  0.983264     2.404",0.076588428
mp-550781,"Full Formula (Sr4 Co4 O12)
Reduced Formula: SrCoO3
abc   :   4.924415   5.520516   9.692115
angles:  89.962300  94.700256  89.994342
pbc   :       True       True       True
Sites (20)
  #  SP            a         b         c    magmom
---  ----  ---------  --------  --------  --------
  0  O      0.185972  0.000889  0.103123     0.033
  1  O      0.680953  0.749629  0.10133      0.062
  2  O      0.690943  0.249678  0.098674     0.021
  3  Sr     0.528385  0.249896  0.651143    -0.003
  4  O      0.486098  0.250138  0.394127    -0.31
  5  Sr     0.471185  0.750131  0.349154     0.006
  6  O      0.814831  0.501167  0.897614     0.033
  7  Co     0.500151  0.00014   0.999995     0.458
  8  O      0.310431  0.749914  0.9015       0.041
  9  O      0.185074  0.499218  0.102606     0.033
 10  Sr     0.019728  0.749934  0.651664     0.004
 11  Co     1.00249   0.249669  0.996968     0.453
 12  Sr     0.979652  0.250104  0.347919    -0.003
 13  O      0.513629  0.749935  0.606635     0.318
 14  O      0.814053  0.999484  0.896989     0.034
 15  O      0.319314  0.249879  0.898158     0.041
 16  O      0.019974  0.249984  0.605199    -0.31
 17  Co     0.500009  0.499331  0.999992     0.456
 18  Co    -0.001941  0.750827  0.003138     0.46
 19  O      0.979071  0.750053  0.394072     0.318",0.002100714
mp-18708,"Full Formula (Fe12 P4)
Reduced Formula: Fe3P
abc   :   6.761789   6.761789   6.761789
angles:  96.042362  96.042362 142.136246
pbc   :       True       True       True
Sites (16)
  #  SP           a         b         c    magmom
---  ----  --------  --------  --------  --------
  0  Fe    0.041249  0.372507  0.393366    -1.599
  1  Fe    0.627493  0.020859  0.668742    -1.563
  2  Fe    0.352116  0.958751  0.331258    -1.554
  3  Fe    0.979141  0.647884  0.606634    -1.516
  4  Fe    0.462259  0.412311  0.390015     0.245
  5  Fe    0.587689  0.977704  0.049948     0.227
  6  Fe    0.927756  0.537741  0.950052     0.225
  7  Fe    0.022296  0.072244  0.609985     0.222
  8  Fe    0.659368  0.68663   0.815226     0.113
  9  Fe    0.31337   0.128596  0.972738     0.133
 10  Fe    0.155858  0.340632  0.027262     0.095
 11  Fe    0.871404  0.844142  0.184774     0.085
 12  P     0.461617  0.215409  0.663773     0.02
 13  P     0.784591  0.448364  0.246208     0.018
 14  P     0.202156  0.538383  0.753792     0.017
 15  P     0.551636  0.797844  0.336227     0.018",0.006380491
mp-542633,"Full Formula (Gd2 Co4)
Reduced Formula: GdCo2
abc   :   5.116127   5.116127   5.116127
angles:  60.000000  60.000000  60.000000
pbc   :       True       True       True
Sites (6)
  #  SP        a      b      c    magmom
---  ----  -----  -----  -----  --------
  0  Gd    0.25   0.25   0.25      0.979
  1  Gd    0      0      0         0.979
  2  Co    0.625  0.625  0.125    -1.15
  3  Co    0.625  0.125  0.625    -1.106
  4  Co    0.125  0.625  0.625    -0.752
  5  Co    0.625  0.625  0.625    -1.104",0.021281689
mp-1195842,"Full Formula (Lu4 Fe34)
Reduced Formula: Lu2Fe17
abc   :   8.287435   8.326915   8.326915
angles: 120.013676  90.000000  90.000000
pbc   :       True       True       True
Sites (38)
  #  SP           a         b         c    magmom
---  ----  --------  --------  --------  --------
  0  Lu    0.75      0.999979  2.1e-05     -0
  1  Lu    0.25      2.1e-05   0.999979    -0
  2  Lu    0.25      0.66664   0.33336     -0.003
  3  Lu    0.75      0.33336   0.66664     -0.003
  4  Fe    0.607667  0.666678  0.333322     0.058
  5  Fe    0.392333  0.333322  0.666678     0.058
  6  Fe    0.107667  0.333322  0.666678    -0.047
  7  Fe    0.892333  0.666678  0.333322    -0.047
  8  Fe    0.5       0.5       0            0.038
  9  Fe    0.5       0.5       0.5         -0.116
 10  Fe    0.5       0         0.5          0.206
 11  Fe    0         0.5       0            0.097
 12  Fe    0         0.5       0.5          0.059
 13  Fe    0         0         0.5          0.169
 14  Fe    0.75      0.670691  0.031373    -0.024
 15  Fe    0.75      0.360837  0.329472    -0.004
 16  Fe    0.75      0.968467  0.639218    -0.074
 17  Fe    0.75      0.360782  0.031533    -0.023
 18  Fe    0.75      0.968627  0.329309    -0.052
 19  Fe    0.75      0.670528  0.639163    -0.032
 20  Fe    0.25      0.329309  0.968627    -0.024
 21  Fe    0.25      0.639163  0.670528    -0.004
 22  Fe    0.25      0.031533  0.360782    -0.074
 23  Fe    0.25      0.639218  0.968467    -0.023
 24  Fe    0.25      0.031373  0.670691    -0.052
 25  Fe    0.25      0.329472  0.360837    -0.032
 26  Fe    0.487172  0.834394  0.66901      0.072
 27  Fe    0.487153  0.834549  0.165451    -0.013
 28  Fe    0.487172  0.33099   0.165606     0.034
 29  Fe    0.512828  0.165606  0.33099      0.072
 30  Fe    0.512847  0.165451  0.834549    -0.013
 31  Fe    0.512828  0.66901   0.834394     0.034
 32  Fe    0.987172  0.165606  0.33099      0.023
 33  Fe    0.987153  0.165451  0.834549    -0.014
 34  Fe    0.987172  0.66901   0.834394    -0.033
 35  Fe    0.012828  0.834394  0.66901      0.023
 36  Fe    0.012847  0.834549  0.165451    -0.014
 37  Fe    0.012828  0.33099   0.165606    -0.033",6.08e-05
mp-1205398,"Full Formula (Ce1 Co12 B6)
Reduced Formula: Ce(Co2B)6
abc   :   5.980435   5.980435   5.980435
angles: 104.121813 104.121813 104.121804
pbc   :       True       True       True
Sites (19)
  #  SP           a         b         c    magmom
---  ----  --------  --------  --------  --------
  0  Ce    0         0         0           -0.556
  1  Co    0.134103  0.865897  0.5          0.374
  2  Co    0.5       0.134103  0.865897     0.412
  3  Co    0.865897  0.5       0.134103     0.397
  4  Co    0.5       0.865897  0.134103     0.412
  5  Co    0.134103  0.5       0.865897     0.397
  6  Co    0.865897  0.134103  0.5          0.374
  7  Co    0.544147  0.813696  0.544147     0.941
  8  Co    0.544147  0.544147  0.813696     0.948
  9  Co    0.813696  0.544147  0.544147     0.939
 10  Co    0.455853  0.186304  0.455853     0.941
 11  Co    0.455853  0.455853  0.186304     0.948
 12  Co    0.186304  0.455853  0.455853     0.939
 13  B     0.769638  0.330353  0.769638    -0.037
 14  B     0.769638  0.769638  0.330353    -0.037
 15  B     0.330353  0.769638  0.769638    -0.037
 16  B     0.230362  0.669647  0.230362    -0.037
 17  B     0.230362  0.230362  0.669647    -0.037
 18  B     0.669647  0.230362  0.230362    -0.037",0.036698181
mp-571149,"Full Formula (Tb2 Fe17)
Reduced Formula: Tb2Fe17
abc   :   6.409212   6.409212   6.409212
angles:  82.844339  82.844339  82.844335
pbc   :       True       True       True
Sites (19)
  #  SP           a         b         c    magmom
---  ----  --------  --------  --------  --------
  0  Tb    0.658895  0.658895  0.658895    -0.425
  1  Tb    0.341105  0.341105  0.341105    -0.425
  2  Fe    0         0         0.5          2.145
  3  Fe    0.5       0         0            2.114
  4  Fe    0         0.5       0            2.114
  5  Fe    0.705258  0.294742  0            2.498
  6  Fe    0         0.705258  0.294742     2.466
  7  Fe    0.294742  0         0.705258     2.486
  8  Fe    0         0.294742  0.705258     2.466
  9  Fe    0.705258  0         0.294742     2.486
 10  Fe    0.294742  0.705258  0            2.498
 11  Fe    0.343269  0.343269  0.84375      2.317
 12  Fe    0.84375   0.343269  0.343269     2.293
 13  Fe    0.343269  0.84375   0.343269     2.313
 14  Fe    0.656731  0.656731  0.15625      2.317
 15  Fe    0.15625   0.656731  0.656731     2.293
 16  Fe    0.656731  0.15625   0.656731     2.313
 17  Fe    0.903171  0.903171  0.903171     2.646
 18  Fe    0.096829  0.096829  0.096829     2.646",0.151531565
mp-1104719,"Full Formula (Gd1 Al8 Fe4)
Reduced Formula: Gd(Al2Fe)4
abc   :   5.103752   6.781185   6.781185
angles:  81.858715  67.894258  67.894258
pbc   :       True       True       True
Sites (13)
  #  SP            a         b          c    magmom
---  ----  ---------  --------  ---------  --------
  0  Gd    -0         0         -0            7.07
  1  Al    -0         0.339767   0.660233     0.012
  2  Al     0         0.660233   0.339767     0.012
  3  Al     0.660233  0.339767   0.339767     0.015
  4  Al     0.339767  0.660233   0.660233     0.015
  5  Al     0.5       0.779533   0.220467     0.02
  6  Al     0.5       0.220467   0.779533     0.02
  7  Al     0.720467  0.779533   0.779533     0.022
  8  Al     0.279533  0.220467   0.220467     0.022
  9  Fe    -0         0          0.5         -1.808
 10  Fe     0.5       0          0.5         -1.687
 11  Fe     0.5       0.5       -0           -1.642
 12  Fe    -0         0.5       -0           -1.68",0.00379095
mp-1106140,"Full Formula (Y2 Co17)
Reduced Formula: Y2Co17
abc   :   6.282163   6.282163   6.282163
angles:  82.903954  82.903954  82.903955
pbc   :       True       True       True
Sites (19)
  #  SP            a         b         c    magmom
---  ----  ---------  --------  --------  --------
  0  Y      0.655775  0.655775  0.655775    -0.265
  1  Y      0.344225  0.344225  0.344225    -0.265
  2  Co    -0         0         0.5          1.646
  3  Co    -0         0.5       0            1.582
  4  Co     0.5       0         0            1.557
  5  Co     0.288175  0.711825  0            1.592
  6  Co     0.711825  0         0.288175     1.589
  7  Co     1         0.288175  0.711825     1.567
  8  Co     0.288175  1         0.711825     1.589
  9  Co     0         0.711825  0.288175     1.567
 10  Co     0.711825  0.288175  0            1.592
 11  Co     0.345457  0.345457  0.849977     1.527
 12  Co     0.345457  0.849977  0.345457     1.543
 13  Co     0.849977  0.345457  0.345457     1.582
 14  Co     0.654543  0.654543  0.150023     1.527
 15  Co     0.654543  0.150023  0.654543     1.543
 16  Co     0.150023  0.654543  0.654543     1.582
 17  Co     0.903508  0.903508  0.903508     1.672
 18  Co     0.096492  0.096492  0.096492     1.672",0.105646757
mp-1189067,"Full Formula (Tb2 Co17)
Reduced Formula: Tb2Co17
abc   :   6.285748   6.285748   6.285748
angles:  82.693013  82.693013  82.693016
pbc   :       True       True       True
Sites (19)
  #  SP           a         b         c    magmom
---  ----  --------  --------  --------  --------
  0  Tb    0.655271  0.655271  0.655271    -0.371
  1  Tb    0.344729  0.344729  0.344729    -0.371
  2  Co    0         0         0.5          1.651
  3  Co    0         0.5       0            1.586
  4  Co    0.5       0         0            1.562
  5  Co    0.289235  0.710765  0            1.609
  6  Co    0.710765  0         0.289235     1.608
  7  Co    1         0.289235  0.710765     1.563
  8  Co    0.289235  1         0.710765     1.608
  9  Co    0         0.710765  0.289235     1.563
 10  Co    0.710765  0.289235  0            1.609
 11  Co    0.345013  0.345013  0.849801     1.526
 12  Co    0.345013  0.849801  0.345013     1.537
 13  Co    0.849801  0.345013  0.345013     1.575
 14  Co    0.654987  0.654987  0.150199     1.526
 15  Co    0.654987  0.150199  0.654987     1.537
 16  Co    0.150199  0.654987  0.654987     1.575
 17  Co    0.903558  0.903558  0.903558     1.677
 18  Co    0.096442  0.096442  0.096442     1.677",0.106154223
mp-1106107,"Full Formula (Dy2 Fe17)
Reduced Formula: Dy2Fe17
abc   :   6.406295   6.406295   6.406295
angles:  83.154768  83.154768  83.154766
pbc   :       True       True       True
Sites (19)
  #  SP           a         b         c    magmom
---  ----  --------  --------  --------  --------
  0  Dy    0.658223  0.658223  0.658223     0.061
  1  Dy    0.341777  0.341777  0.341777     0.061
  2  Fe    0.902356  0.902356  0.902356     0.754
  3  Fe    0.097644  0.097644  0.097644     0.754
  4  Fe    0         0         0.5          0.949
  5  Fe    0.5       0         0            0.897
  6  Fe    0         0.5       0            0.932
  7  Fe    0.706859  0.293141  0           -0.367
  8  Fe    0         0.706859  0.293141    -0.389
  9  Fe    0.293141  0         0.706859    -0.367
 10  Fe    0         0.293141  0.706859    -0.389
 11  Fe    0.706859  0         0.293141    -0.367
 12  Fe    0.293141  0.706859  0           -0.367
 13  Fe    0.344223  0.344223  0.844771    -0.89
 14  Fe    0.844771  0.344223  0.344223    -0.896
 15  Fe    0.344223  0.844771  0.344223    -0.922
 16  Fe    0.655777  0.655777  0.155229    -0.89
 17  Fe    0.155229  0.655777  0.655777    -0.896
 18  Fe    0.655777  0.155229  0.655777    -0.922",0.010225324
mp-1196975,"Full Formula (Ho4 Fe34)
Reduced Formula: Ho2Fe17
abc   :   8.481990   8.481990   8.241864
angles:  90.000000  90.000000 120.000001
pbc   :       True       True       True
Sites (38)
  #  SP           a         b         c    magmom
---  ----  --------  --------  --------  --------
  0  Ho    0         0         0.25        -0.451
  1  Ho    0         0         0.75        -0.451
  2  Ho    0.333333  0.666667  0.75        -0.479
  3  Ho    0.666667  0.333333  0.25        -0.479
  4  Fe    0.333333  0.666667  0.393631     2.619
  5  Fe    0.666667  0.333333  0.606369     2.619
  6  Fe    0.666667  0.333333  0.893631     2.625
  7  Fe    0.333333  0.666667  0.106369     2.625
  8  Fe    0.5       0.5       0.5          2.118
  9  Fe    0.5       0         0.5          2.118
 10  Fe    0         0.5       0.5          2.102
 11  Fe    0.5       0.5       0            2.113
 12  Fe    0.5       0         0            2.113
 13  Fe    0         0.5       0            2.098
 14  Fe    0.328935  0.3679    0.25         2.424
 15  Fe    0.6321    0.961035  0.25         2.428
 16  Fe    0.038965  0.671065  0.25         2.432
 17  Fe    0.6321    0.671065  0.25         2.428
 18  Fe    0.038965  0.3679    0.25         2.432
 19  Fe    0.328935  0.961035  0.25         2.424
 20  Fe    0.671065  0.6321    0.75         2.424
 21  Fe    0.3679    0.038965  0.75         2.428
 22  Fe    0.961035  0.328935  0.75         2.432
 23  Fe    0.3679    0.328935  0.75         2.428
 24  Fe    0.961035  0.6321    0.75         2.432
 25  Fe    0.671065  0.038965  0.75         2.424
 26  Fe    0.166027  0.833973  0.515689     2.365
 27  Fe    0.166027  0.332055  0.515689     2.365
 28  Fe    0.667945  0.833973  0.515689     2.358
 29  Fe    0.833973  0.166027  0.484311     2.365
 30  Fe    0.833973  0.667945  0.484311     2.365
 31  Fe    0.332055  0.166027  0.484311     2.358
 32  Fe    0.833973  0.166027  0.015689     2.372
 33  Fe    0.833973  0.667945  0.015689     2.372
 34  Fe    0.332055  0.166027  0.015689     2.364
 35  Fe    0.166027  0.833973  0.984311     2.372
 36  Fe    0.166027  0.332055  0.984311     2.372
 37  Fe    0.667945  0.833973  0.984311     2.364",0.075892261
mp-1105621,"Full Formula (Pr2 Co17)
Reduced Formula: Pr2Co17
abc   :   6.342816   6.342816   6.342817
angles:  82.985994  82.985994  82.986002
pbc   :       True       True       True
Sites (19)
  #  SP           a         b         c    magmom
---  ----  --------  --------  --------  --------
  0  Pr    0.657029  0.657029  0.657029    -0.243
  1  Pr    0.342971  0.342971  0.342971    -0.243
  2  Co    0         0         0.5          1.612
  3  Co    0.5       0         0            1.527
  4  Co    0         0.5       0            1.549
  5  Co    0.715232  0.284768  0            1.571
  6  Co    0         0.715232  0.284768     1.56
  7  Co    0.284768  0         0.715232     1.589
  8  Co    0         0.284768  0.715232     1.56
  9  Co    0.715232  0         0.284768     1.589
 10  Co    0.284768  0.715232  0            1.571
 11  Co    0.341586  0.341586  0.848601     1.547
 12  Co    0.848601  0.341586  0.341586     1.547
 13  Co    0.341586  0.848601  0.341586     1.546
 14  Co    0.658414  0.658414  0.151399     1.547
 15  Co    0.151399  0.658414  0.658414     1.547
 16  Co    0.658414  0.151399  0.658414     1.546
 17  Co    0.904706  0.904706  0.904706     1.649
 18  Co    0.095294  0.095294  0.095294     1.649",0.101079106
mp-1197388,"Full Formula (Gd8 Fe56 C4)
Reduced Formula: Gd2Fe14C
abc   :   8.637209   8.637209  11.605812
angles:  90.000000  90.000000  90.000000
pbc   :       True       True       True
Sites (68)
  #  SP           a         b         c    magmom
---  ----  --------  --------  --------  --------
  0  Gd    0.238637  0.761363  0.5         -7.061
  1  Gd    0.761363  0.238637  0.5         -7.06
  2  Gd    0.261363  0.261363  0           -7.06
  3  Gd    0.738637  0.738637  0           -7.06
  4  Gd    0.642323  0.642323  0.5         -7.013
  5  Gd    0.357677  0.357677  0.5         -7.012
  6  Gd    0.857677  0.142323  0           -7.012
  7  Gd    0.142323  0.857677  0           -7.013
  8  Fe    0         0.5       0.5          2.334
  9  Fe    0.5       0         0            2.334
 10  Fe    0.5       0         0.5          2.335
 11  Fe    0         0.5       0            2.335
 12  Fe    0.5       0.5       0.108213     1.634
 13  Fe    0         0         0.608213     1.643
 14  Fe    0.5       0.5       0.891787     1.644
 15  Fe    0         0         0.391787     1.633
 16  Fe    0.184628  0.815372  0.254944    -1.877
 17  Fe    0.815372  0.184628  0.254944    -1.878
 18  Fe    0.315372  0.315372  0.754944    -1.841
 19  Fe    0.684628  0.684628  0.754944    -1.857
 20  Fe    0.815372  0.184628  0.745056    -1.843
 21  Fe    0.184628  0.815372  0.745056    -1.832
 22  Fe    0.684628  0.684628  0.245056    -1.881
 23  Fe    0.315372  0.315372  0.245056    -1.883
 24  Fe    0.404769  0.595231  0.293261    -1.19
 25  Fe    0.595231  0.404769  0.293261    -1.19
 26  Fe    0.095231  0.095231  0.793261    -1.195
 27  Fe    0.904769  0.904769  0.793261    -1.19
 28  Fe    0.595231  0.404769  0.706739    -1.197
 29  Fe    0.404769  0.595231  0.706739    -1.191
 30  Fe    0.904769  0.904769  0.206739    -1.186
 31  Fe    0.095231  0.095231  0.206739    -1.193
 32  Fe    0.145451  0.533281  0.31936      1.404
 33  Fe    0.854549  0.466719  0.31936      1.413
 34  Fe    0.354549  0.033281  0.81936      1.423
 35  Fe    0.645451  0.966719  0.81936      1.418
 36  Fe    0.854549  0.466719  0.68064      1.432
 37  Fe    0.145451  0.533281  0.68064      1.433
 38  Fe    0.645451  0.966719  0.18064      1.405
 39  Fe    0.354549  0.033281  0.18064      1.408
 40  Fe    0.533281  0.145451  0.31936      1.391
 41  Fe    0.466719  0.854549  0.31936      1.405
 42  Fe    0.033281  0.354549  0.81936      1.426
 43  Fe    0.966719  0.645451  0.81936      1.424
 44  Fe    0.466719  0.854549  0.68064      1.418
 45  Fe    0.533281  0.145451  0.68064      1.419
 46  Fe    0.966719  0.645451  0.18064      1.391
 47  Fe    0.033281  0.354549  0.18064      1.401
 48  Fe    0.934103  0.72687   0.376372     1.91
 49  Fe    0.065897  0.27313   0.376372     1.91
 50  Fe    0.565897  0.22687   0.876372     1.915
 51  Fe    0.434103  0.77313   0.876372     1.915
 52  Fe    0.065897  0.27313   0.623628     1.916
 53  Fe    0.934103  0.72687   0.623628     1.916
 54  Fe    0.434103  0.77313   0.123628     1.909
 55  Fe    0.565897  0.22687   0.123628     1.908
 56  Fe    0.72687   0.934103  0.376372     1.908
 57  Fe    0.27313   0.065897  0.376372     1.908
 58  Fe    0.22687   0.565897  0.876372     1.915
 59  Fe    0.77313   0.434103  0.876372     1.915
 60  Fe    0.27313   0.065897  0.623628     1.915
 61  Fe    0.72687   0.934103  0.623628     1.915
 62  Fe    0.77313   0.434103  0.123628     1.909
 63  Fe    0.22687   0.565897  0.123628     1.909
 64  C     0.872406  0.872406  0.5         -0.076
 65  C     0.127594  0.127594  0.5         -0.076
 66  C     0.627594  0.372406  0           -0.076
 67  C     0.372406  0.627594  0           -0.076",0.003821216
mp-1105569,"Full Formula (Y2 Fe17)
Reduced Formula: Y2Fe17
abc   :   6.408243   6.408243   6.408243
angles:  83.189134  83.189134  83.189125
pbc   :       True       True       True
Sites (19)
  #  SP           a         b         c    magmom
---  ----  --------  --------  --------  --------
  0  Y     0.659171  0.659171  0.659171    -0.322
  1  Y     0.340829  0.340829  0.340829    -0.322
  2  Fe    0         0         0.5          2.242
  3  Fe    0.5       0         0            2.217
  4  Fe    0         0.5       0            2.201
  5  Fe    0.707498  0.292502  0            2.492
  6  Fe    0         0.707498  0.292502     2.456
  7  Fe    0.292502  0         0.707498     2.478
  8  Fe    0         0.292502  0.707498     2.456
  9  Fe    0.707498  0         0.292502     2.478
 10  Fe    0.292502  0.707498  0            2.492
 11  Fe    0.343481  0.343481  0.845625     2.426
 12  Fe    0.845625  0.343481  0.343481     2.394
 13  Fe    0.343481  0.845625  0.343481     2.412
 14  Fe    0.656519  0.656519  0.154375     2.426
 15  Fe    0.154375  0.656519  0.656519     2.394
 16  Fe    0.656519  0.154375  0.656519     2.412
 17  Fe    0.903612  0.903612  0.903612     2.63
 18  Fe    0.096388  0.096388  0.096388     2.63",0.154160645
mp-1105562,"Full Formula (Pr1 Co12 B6)
Reduced Formula: Pr(Co2B)6
abc   :   5.984394   5.984394   5.984395
angles: 103.965712 103.965712 103.965706
pbc   :       True       True       True
Sites (19)
  #  SP           a         b         c    magmom
---  ----  --------  --------  --------  --------
  0  Pr    0         0         0           -0.068
  1  Co    0.133037  0.866963  0.5          0.334
  2  Co    0.5       0.133037  0.866963     0.375
  3  Co    0.866963  0.5       0.133037     0.351
  4  Co    0.5       0.866963  0.133037     0.375
  5  Co    0.133037  0.5       0.866963     0.351
  6  Co    0.866963  0.133037  0.5          0.334
  7  Co    0.541205  0.813521  0.541205     0.897
  8  Co    0.541205  0.541205  0.813521     0.891
  9  Co    0.813521  0.541205  0.541205     0.892
 10  Co    0.458795  0.186479  0.458795     0.897
 11  Co    0.458795  0.458795  0.186479     0.891
 12  Co    0.186479  0.458795  0.458795     0.892
 13  B     0.76826   0.326628  0.76826     -0.044
 14  B     0.76826   0.76826   0.326628    -0.044
 15  B     0.326628  0.76826   0.76826     -0.044
 16  B     0.23174   0.673372  0.23174     -0.044
 17  B     0.23174   0.23174   0.673372    -0.044
 18  B     0.673372  0.23174   0.23174     -0.044",0.036444422
mp-1106070,"Full Formula (Dy2 Co17)
Reduced Formula: Dy2Co17
abc   :   6.273195   6.273195   6.273195
angles:  82.885003  82.885003  82.884998
pbc   :       True       True       True
Sites (19)
  #  SP           a          b          c    magmom
---  ----  --------  ---------  ---------  --------
  0  Dy    0.656104   0.656104   0.656104    -0.382
  1  Dy    0.343896   0.343896   0.343896    -0.382
  2  Co    0         -0          0.5          1.648
  3  Co    0          0.5       -0            1.581
  4  Co    0.5       -0         -0            1.554
  5  Co    0.2885     0.7115    -0            1.597
  6  Co    0.7115     1          0.2885       1.595
  7  Co    0          0.2885     0.7115       1.568
  8  Co    0.2885     0          0.7115       1.595
  9  Co    1          0.7115     0.2885       1.568
 10  Co    0.7115     0.2885     0            1.597
 11  Co    0.345965   0.345965   0.849579     1.529
 12  Co    0.345965   0.849579   0.345965     1.545
 13  Co    0.849579   0.345965   0.345965     1.581
 14  Co    0.654035   0.654035   0.150421     1.529
 15  Co    0.654035   0.150421   0.654035     1.545
 16  Co    0.150421   0.654035   0.654035     1.581
 17  Co    0.903259   0.903259   0.903259     1.637
 18  Co    0.096741   0.096741   0.096741     1.637",0.106433773
mp-1220532,"Full Formula (Nd2 Fe17 C1)
Reduced Formula: Nd2Fe17C
abc   :   6.496636   6.496636   6.508624
angles:  83.840179  83.840179  83.477598
pbc   :       True       True       True
Sites (20)
  #  SP           a         b         c    magmom
---  ----  --------  --------  --------  --------
  0  Nd    0.661471  0.661471  0.647532    -0.001
  1  Nd    0.338529  0.338529  0.352468    -0.001
  2  Fe    0.903653  0.903653  0.902937     0.005
  3  Fe    0.096347  0.096347  0.097063     0.005
  4  Fe    0.34257   0.34257   0.852092     0.029
  5  Fe    0.340994  0.850069  0.342058    -0.023
  6  Fe    0.850069  0.340994  0.342058     0.025
  7  Fe    0.65743   0.65743   0.147908     0.029
  8  Fe    0.659006  0.149931  0.657942    -0.023
  9  Fe    0.149931  0.659006  0.657942     0.025
 10  Fe    0.285731  0.714269  0            0.023
 11  Fe    0.71404   0.000593  0.286002    -0.021
 12  Fe    0.999407  0.28596   0.713998    -0.065
 13  Fe    0.28596   0.999407  0.713998    -0.021
 14  Fe    0.000593  0.71404   0.286002    -0.065
 15  Fe    0.714269  0.285731  0            0.023
 16  Fe    0         0         0.5          0.095
 17  Fe    0         0.5       0            0.131
 18  Fe    0.5       0         0            0.117
 19  C     0.5       0.5       0           -0.001",0.000375912
mp-569200,"Full Formula (Eu1 Al8 Fe4)
Reduced Formula: Eu(Al2Fe)4
abc   :   6.693468   6.693468   6.693468
angles:  98.109547  98.109547 135.878706
pbc   :       True       True       True
Sites (13)
  #  SP           a         b         c    magmom
---  ----  --------  --------  --------  --------
  0  Eu    0         0         0           -6.639
  1  Al    0.65945   0         0.65945      0.023
  2  Al    0         0.34055   0.34055      0.023
  3  Al    0.274976  0.5       0.774976     0.021
  4  Al    0.5       0.725024  0.225024     0.021
  5  Al    0.725024  0.5       0.225024     0.021
  6  Al    0.34055   0         0.34055      0.023
  7  Al    0.5       0.274976  0.774976     0.021
  8  Al    0         0.65945   0.65945      0.023
  9  Fe    0         0.5       0           -1.529
 10  Fe    0.5       0.5       0.5         -1.53
 11  Fe    0.5       0         0           -1.529
 12  Fe    0         0         0.5         -1.529",0.027770807
mp-1216958,"Full Formula (U1 Al6 Fe6)
Reduced Formula: U(AlFe)6
abc   :   6.555925   6.555925   6.555925
angles: 135.729949  98.934701  97.390639
pbc   :       True       True       True
Sites (13)
  #  SP           a         b         c    magmom
---  ----  --------  --------  --------  --------
  0  U     0         0         0            0.075
  1  Al    0.651298  0.651298  0           -0.004
  2  Al    0.348702  0.348702  0           -0.004
  3  Al    0.341988  0         0.341988    -0.013
  4  Al    0.658012  0         0.658012    -0.013
  5  Al    0.199461  0.699461  0.5          0.008
  6  Al    0.800539  0.300539  0.5          0.008
  7  Fe    0.5       0.5       0.5         -0.316
  8  Fe    0.5       0         0           -0.276
  9  Fe    0         0.5       0           -0.283
 10  Fe    0         0         0.5         -0.263
 11  Fe    0.768363  0.5       0.268363     0.107
 12  Fe    0.231637  0.5       0.731637     0.107",0.000817619
mp-1106057,"Full Formula (Dy1 Co12 B6)
Reduced Formula: Dy(Co2B)6
abc   :   5.951567   5.951567   5.951567
angles: 103.988731 103.988731 103.988721
pbc   :       True       True       True
Sites (19)
  #  SP           a         b         c    magmom
---  ----  --------  --------  --------  --------
  0  Dy    0         0         0           -0.103
  1  Co    0.132549  0.867451  0.5          0.328
  2  Co    0.5       0.132549  0.867451     0.367
  3  Co    0.867451  0.5       0.132549     0.344
  4  Co    0.5       0.867451  0.132549     0.367
  5  Co    0.132549  0.5       0.867451     0.344
  6  Co    0.867451  0.132549  0.5          0.328
  7  Co    0.543754  0.813834  0.543754     0.905
  8  Co    0.543754  0.543754  0.813834     0.894
  9  Co    0.813834  0.543754  0.543754     0.902
 10  Co    0.456246  0.186166  0.456246     0.905
 11  Co    0.456246  0.456246  0.186166     0.894
 12  Co    0.186166  0.456246  0.456246     0.902
 13  B     0.767786  0.323789  0.767786    -0.043
 14  B     0.767786  0.767786  0.323789    -0.043
 15  B     0.323789  0.767786  0.767786    -0.042
 16  B     0.232214  0.676211  0.232214    -0.043
 17  B     0.232214  0.232214  0.676211    -0.043
 18  B     0.676211  0.232214  0.232214    -0.042",0.036851939
mp-1219267,"Full Formula (Sm2 Fe17 C1)
Reduced Formula: Sm2Fe17C
abc   :   6.466170   6.466170   6.465058
angles:  83.590934  83.590934  83.487047
pbc   :       True       True       True
Sites (20)
  #  SP           a         b         c    magmom
---  ----  --------  --------  --------  --------
  0  Sm    0.661631  0.661631  0.649272    -0.002
  1  Sm    0.338369  0.338369  0.350728    -0.002
  2  Fe    0.342863  0.342863  0.850634     0.036
  3  Fe    0.341614  0.849277  0.342661     0.122
  4  Fe    0.849277  0.341614  0.342661     0.075
  5  Fe    0.657137  0.657137  0.149366     0.036
  6  Fe    0.658386  0.150723  0.657339     0.122
  7  Fe    0.150723  0.658386  0.657339     0.075
  8  Fe    0.903626  0.903626  0.903209     0.105
  9  Fe    0.096374  0.096374  0.096791     0.105
 10  Fe    0         0         0.5         -0.092
 11  Fe    0         0.5       0           -0.06
 12  Fe    0.5       0         0            0.178
 13  Fe    0.285289  0.714711  0            0.021
 14  Fe    0.711604  0.000398  0.288507     0.021
 15  Fe    0.999602  0.288396  0.711493    -0.014
 16  Fe    0.288396  0.999602  0.711493     0.021
 17  Fe    0.000398  0.711604  0.288507    -0.014
 18  Fe    0.714711  0.285289  0            0.021
 19  C     0.5       0.5       0           -0",0.001367358
mp-1217730,"Full Formula (Tb2 Fe17 C1)
Reduced Formula: Tb2Fe17C
abc   :   6.449475   6.424925   6.449475
angles:  83.355936  83.544087  83.355936
pbc   :       True       True       True
Sites (20)
  #  SP           a         b         c    magmom
---  ----  --------  --------  --------  --------
  0  Tb    0.660612  0.649628  0.660612     0.001
  1  Tb    0.339388  0.350372  0.339388     0.001
  2  Fe    0.714667  0         0.285333     0.022
  3  Fe    0.000484  0.28996   0.710701     0.021
  4  Fe    0.289299  0.71004   0.999516     0.062
  5  Fe    0.999516  0.71004   0.289299     0.021
  6  Fe    0.710701  0.28996   0.000484     0.062
  7  Fe    0.285333  0         0.714667     0.022
  8  Fe    0.343467  0.849701  0.343467    -0.022
  9  Fe    0.849972  0.344452  0.343242     0.004
 10  Fe    0.343242  0.344452  0.849972    -0.006
 11  Fe    0.656533  0.150299  0.656533    -0.022
 12  Fe    0.150028  0.655548  0.656758     0.004
 13  Fe    0.656758  0.655548  0.150028    -0.006
 14  Fe    0.902608  0.902361  0.902608     0.009
 15  Fe    0.097392  0.097639  0.097392     0.009
 16  Fe    0         0.5       0           -0.19
 17  Fe    0.5       0         0            0.316
 18  Fe    0         0         0.5         -0.224
 19  C     0.5       0         0.5          0",0.000201789
mp-1106216,"Full Formula (Ho2 Co17)
Reduced Formula: Ho2Co17
abc   :   6.258656   6.258656   6.258656
angles:  82.745705  82.745705  82.745698
pbc   :       True       True       True
Sites (19)
  #  SP           a         b          c    magmom
---  ----  --------  --------  ---------  --------
  0  Ho    0.656183  0.656183   0.656183    -0.397
  1  Ho    0.343817  0.343817   0.343817    -0.397
  2  Co    0         0          0.5          1.635
  3  Co    0         0.5       -0            1.572
  4  Co    0.5       0         -0            1.547
  5  Co    0.288988  0.711012  -0            1.575
  6  Co    0.711012  1          0.288988     1.569
  7  Co    0         0.288988   0.711012     1.525
  8  Co    0.288988  0          0.711012     1.569
  9  Co    1         0.711012   0.288988     1.525
 10  Co    0.711012  0.288988  -0            1.575
 11  Co    0.346036  0.346036   0.849863     1.508
 12  Co    0.346036  0.849863   0.346036     1.521
 13  Co    0.849863  0.346036   0.346036     1.559
 14  Co    0.653964  0.653964   0.150137     1.508
 15  Co    0.653964  0.150137   0.653964     1.521
 16  Co    0.150137  0.653964   0.653964     1.559
 17  Co    0.902647  0.902647   0.902647     1.654
 18  Co    0.097353  0.097353   0.097353     1.654",0.105853854
mp-605854,"Full Formula (Gd3 Co11 B4)
Reduced Formula: Gd3Co11B4
abc   :   5.065077   5.065076   9.778363
angles:  90.000000  90.000000 119.999997
pbc   :       True       True       True
Sites (18)
  #  SP           a         b         c    magmom
---  ----  --------  --------  --------  --------
  0  Gd    0         0         0.65755      6.898
  1  Gd    0         0         0.34245      6.898
  2  Gd    0         0         0           -7.118
  3  Co    0         0.5       0.797382     0.594
  4  Co    0.5       0.5       0.797382     0.603
  5  Co    0.5       0         0.202618     0.604
  6  Co    0.666667  0.333333  0            1.623
  7  Co    0         0.5       0.202618     0.594
  8  Co    0.5       0         0.797382     0.604
  9  Co    0.5       0.5       0.202618     0.603
 10  Co    0.5       0.5       0.5          0.071
 11  Co    0.333333  0.666667  0            1.623
 12  Co    0.5       0         0.5          0.074
 13  Co    0         0.5       0.5          0.064
 14  B     0.666667  0.333333  0.651573    -0.031
 15  B     0.333333  0.666667  0.348427    -0.031
 16  B     0.333333  0.666667  0.651573    -0.031
 17  B     0.666667  0.333333  0.348427    -0.031",0.061529385
mp-641957,"Full Formula (Nd1 Fe12 B6)
Reduced Formula: Nd(Fe2B)6
abc   :   6.069332   6.069332   6.069332
angles: 104.339747 104.339747 104.339761
pbc   :       True       True       True
Sites (19)
  #  SP           a         b         c    magmom
---  ----  --------  --------  --------  --------
  0  Nd    0         0         0           -0.147
  1  Fe    0.869142  0.130858  0.5          1.323
  2  Fe    0.455987  0.187864  0.455987     2.126
  3  Fe    0.455987  0.455987  0.187864     2.074
  4  Fe    0.187864  0.455987  0.455987     2.15
  5  Fe    0.130858  0.5       0.869142     1.326
  6  Fe    0.5       0.869142  0.130858     1.321
  7  Fe    0.812136  0.544013  0.544013     2.15
  8  Fe    0.130858  0.869142  0.5          1.323
  9  Fe    0.869142  0.5       0.130858     1.326
 10  Fe    0.5       0.130858  0.869142     1.321
 11  Fe    0.544013  0.544013  0.812136     2.074
 12  Fe    0.544013  0.812136  0.544013     2.126
 13  B     0.230676  0.230676  0.684708    -0.13
 14  B     0.315292  0.769324  0.769324    -0.127
 15  B     0.769324  0.315292  0.769324    -0.127
 16  B     0.684708  0.230676  0.230676    -0.127
 17  B     0.769324  0.769324  0.315292    -0.13
 18  B     0.230676  0.684708  0.230676    -0.127",0.098441173
mp-1213754,"Full Formula (Cr5 Te8)
Reduced Formula: Cr5Te8
abc   :   7.295012   7.295012   9.110521
angles:  56.308856  56.308856  65.744663
pbc   :       True       True       True
Sites (13)
  #  SP           a         b         c    magmom
---  ----  --------  --------  --------  --------
  0  Cr    0.727567  0.272433  0.5          2.984
  1  Cr    0.272433  0.727567  0.5          2.984
  2  Cr    0.731616  0.731616  0.017        3.015
  3  Cr    0.268384  0.268384  0.983        3.015
  4  Cr    0         0         0            3.091
  5  Te    0.447535  0.447535  0.33488     -0.209
  6  Te    0.552465  0.552465  0.66512     -0.209
  7  Te    0.542242  0.036401  0.170042    -0.19
  8  Te    0.457758  0.963599  0.829958    -0.19
  9  Te    0.963599  0.457758  0.829958    -0.19
 10  Te    0.036401  0.542242  0.170042    -0.19
 11  Te    0.976464  0.976464  0.324407    -0.189
 12  Te    0.023536  0.023536  0.675593    -0.189",0.042759171
mp-1191116,"Full Formula (Gd6 Ga4 Ni12)
Reduced Formula: Gd3(GaNi3)2
abc   :   7.736870   7.736870   7.736870
angles: 109.471221 109.471221 109.471221
pbc   :       True       True       True
Sites (22)
  #  SP           a         b         c    magmom
---  ----  --------  --------  --------  --------
  0  Gd    0.710359  0.710359  0           -7.061
  1  Gd    0.289641  0         0.289641    -7.061
  2  Gd    0         0.289641  0.289641    -7.061
  3  Gd    0.289641  0.289641  0           -7.061
  4  Gd    0.710359  0         0.710359    -7.061
  5  Gd    0         0.710359  0.710359    -7.061
  6  Ga    0         0         0.5         -0.011
  7  Ga    0         0.5       0           -0.011
  8  Ga    0.5       0         0           -0.011
  9  Ga    0.5       0.5       0.5         -0.01
 10  Ni    0.338606  0.338606  0.677211     0.005
 11  Ni    0.661394  0         0.338606     0.004
 12  Ni    0         0.661394  0.338606     0.004
 13  Ni    0.661394  0.338606  0            0.004
 14  Ni    0.338606  0.677211  0.338606     0.004
 15  Ni    0         0.338606  0.661394     0.004
 16  Ni    0.338606  0.661394  0            0.004
 17  Ni    0.338606  0         0.661394     0.004
 18  Ni    0.677211  0.338606  0.338606     0.005
 19  Ni    0.661394  0.661394  0.322789     0.005
 20  Ni    0.661394  0.322789  0.661394     0.004
 21  Ni    0.322789  0.661394  0.661394     0.005",0.008496058
mp-1105734,"Full Formula (Ho4 Co14)
Reduced Formula: Ho2Co7
abc   :   4.924338   4.924338  12.313561
angles:  78.465622  78.465622  60.000005
pbc   :       True       True       True
Sites (18)
  #  SP           a         b          c    magmom
---  ----  --------  --------  ---------  --------
  0  Ho    0.05255   0.05255    0.842349    -0.334
  1  Ho    0.94745   0.94745    0.157651    -0.334
  2  Ho    0.14855   0.14855    0.554349    -0.408
  3  Ho    0.85145   0.85145    0.445651    -0.408
  4  Co    0.5       0.5        0.5          1.284
  5  Co    0.278443  0.278443   0.164671     1.525
  6  Co    0.721557  0.721557   0.835329     1.525
  7  Co    0.388603  0.388603   0.834191     1.508
  8  Co    0.611397  0.611397   0.165809     1.508
  9  Co    0.5       0.5       -0            1.538
 10  Co    0.5       0         -0            1.599
 11  Co    0         0.5       -0            1.473
 12  Co    0.109107  0.609675   0.671544     1.243
 13  Co    0.609675  0.609675   0.671544     1.312
 14  Co    0.609675  0.109107   0.671544     1.411
 15  Co    0.890893  0.390325   0.328456     1.243
 16  Co    0.390325  0.390325   0.328456     1.312
 17  Co    0.390325  0.890893   0.328456     1.411",0.036029079
mp-1102759,"Full Formula (Ho4 Mn8)
Reduced Formula: HoMn2
abc   :   5.085168   5.085168   8.414169
angles:  90.000000  90.000000 120.267098
pbc   :       True       True       True
Sites (12)
  #  SP           a          b          c    magmom
---  ----  --------  ---------  ---------  --------
  0  Ho    0.666601   0.333399   0.562972    -0.07
  1  Ho    0.333399   0.666601   0.437028    -0.07
  2  Ho    0.333399   0.666601   0.062972    -0.069
  3  Ho    0.666601   0.333399   0.937028    -0.069
  4  Mn    0         -0          0.5          0.132
  5  Mn    0         -0         -0            0.126
  6  Mn    0.168657   0.336997   0.75         0.316
  7  Mn    0.168387   0.831613   0.75         0.181
  8  Mn    0.663003   0.831343   0.75         0.336
  9  Mn    0.831343   0.663003   0.25         0.32
 10  Mn    0.831613   0.168387   0.25         0.187
 11  Mn    0.336997   0.168657   0.25         0.339",0.002270708
mp-1215612,"Full Formula (Yb1 Al7 Fe5)
Reduced Formula: YbAl7Fe5
abc   :   5.017627   6.585057   6.585057
angles:  98.250419 112.394758  67.605242
pbc   :       True       True       True
Sites (13)
  #  SP           a         b         c    magmom
---  ----  --------  --------  --------  --------
  0  Yb    0.004988  0.995012  0.004988    -0.144
  1  Al    0.663376  0.336624  0.663376    -0.028
  2  Al    0.336033  0.663967  0.336033    -0.029
  3  Al    0.991685  0.348896  0.332265    -0.028
  4  Al    0.991685  0.667735  0.651104    -0.031
  5  Al    0.27279   0.22721   0.77279     -0.025
  6  Al    0.504636  0.783835  0.793107    -0.033
  7  Al    0.504636  0.206893  0.216165    -0.03
  8  Fe    0.495242  0.001927  0.498364     1.581
  9  Fe    0.001196  0.001927  0.498364     1.552
 10  Fe    0.495242  0.501636  0.998073     1.556
 11  Fe    0.001196  0.501636  0.998073     1.577
 12  Fe    0.737297  0.762703  0.237297     2.205",0.042134361
