mp-675570,"Full Formula (Mn6 Si4 Te12)
Reduced Formula: Mn3(SiTe3)2
abc   :   7.107074   7.107074  14.242107
angles:  90.000000  90.000000 120.000003
pbc   :       True       True       True
Sites (22)
  #  SP           a         b         c    magmom
---  ----  --------  --------  --------  --------
  0  Mn    0.333333  0.666667  0.506227    -4.193
  1  Mn    0.333333  0.666667  0.25        -4.23
  2  Mn    0.666667  0.333333  0.006227    -4.193
  3  Mn    0.333333  0.666667  0.993773    -4.193
  4  Mn    0.666667  0.333333  0.75        -4.233
  5  Mn    0.666667  0.333333  0.493773    -4.192
  6  Si    0         0         0.166164    -0.038
  7  Si    0         0         0.333836    -0.038
  8  Si    0         0         0.666164    -0.038
  9  Si    0         0         0.833836    -0.038
 10  Te    0.353306  0.010486  0.878003    -0.069
 11  Te    0.342821  0.989514  0.378003    -0.07
 12  Te    0.010486  0.657179  0.121997    -0.07
 13  Te    0.353306  0.342821  0.621997    -0.069
 14  Te    0.989514  0.646694  0.621997    -0.069
 15  Te    0.342821  0.353306  0.121997    -0.07
 16  Te    0.657179  0.646694  0.878003    -0.07
 17  Te    0.010486  0.353306  0.378003    -0.07
 18  Te    0.646694  0.657179  0.378003    -0.07
 19  Te    0.989514  0.342821  0.878003    -0.07
 20  Te    0.657179  0.010486  0.621997    -0.069
 21  Te    0.646694  0.989514  0.121997    -0.07",0.00373948
mp-1209589,"Full Formula (Pr4 Cr4 Sb12)
Reduced Formula: PrCrSb3
abc   :   6.108088   6.242776  13.223180
angles:  90.000000  90.000000  90.000000
pbc   :       True       True       True
Sites (20)
  #  SP       a         b         c    magmom
---  ----  ----  --------  --------  --------
  0  Pr    0.25  0.5044    0.307767     0.004
  1  Pr    0.75  0.4956    0.692233     0.004
  2  Pr    0.25  0.0044    0.692233     0.004
  3  Pr    0.75  0.9956    0.307767     0.004
  4  Cr    0     0.75      0.90757     -0.078
  5  Cr    0     0.25      0.09243     -0.079
  6  Cr    0.5   0.25      0.09243     -0.135
  7  Cr    0.5   0.75      0.90757     -0.134
  8  Sb    0     0.75      0.501264    -0.001
  9  Sb    0     0.25      0.498736    -0.001
 10  Sb    0.5   0.25      0.498736    -0
 11  Sb    0.5   0.75      0.501264    -0
 12  Sb    0.25  0.59915   0.061308     0.014
 13  Sb    0.75  0.40085   0.938692     0.014
 14  Sb    0.25  0.09915   0.938692     0.014
 15  Sb    0.75  0.90085   0.061308     0.014
 16  Sb    0.25  0.999835  0.217336     0.008
 17  Sb    0.75  0.000165  0.782664     0.008
 18  Sb    0.25  0.499835  0.782664     0.008
 19  Sb    0.75  0.500165  0.217336     0.008",0.000138995
mp-1206829,"Full Formula (Mn2 Fe2 Ge2)
Reduced Formula: MnFeGe
abc   :   4.100794   4.100794   5.046899
angles:  90.000000  90.000000 119.999990
pbc   :       True       True       True
Sites (6)
  #  SP           a         b     c    magmom
---  ----  --------  --------  ----  --------
  0  Mn    0         0         0        2.41
  1  Mn    0         0         0.5      2.418
  2  Fe    0.666667  0.333333  0.25     0.619
  3  Fe    0.333333  0.666667  0.75     0.621
  4  Ge    0.666667  0.333333  0.75    -0.081
  5  Ge    0.333333  0.666667  0.25    -0.081",0.040903362
mp-1206364,"Full Formula (Mn2 Ni1 Sb1)
Reduced Formula: Mn2NiSb
abc   :   4.271286   4.271286   4.271286
angles:  60.000000  60.000000  60.000000
pbc   :       True       True       True
Sites (4)
  #  SP       a     b     c    magmom
---  ----  ----  ----  ----  --------
  0  Mn    0.25  0.25  0.25     3.132
  1  Mn    0     0     0        0.964
  2  Ni    0.5   0.5   0.5      0.486
  3  Sb    0.75  0.75  0.75     0.005",0.084813279
mp-21951,"Full Formula (Er6 Co58 Si8 B20)
Reduced Formula: Er3Co29(Si2B5)2
abc   :  11.108975  11.108975   7.809010
angles:  90.000000  90.000000  90.000000
pbc   :       True       True       True
Sites (92)
  #  SP           a         b         c    magmom
---  ----  --------  --------  --------  --------
  0  Er    0.5       0.5       0.5          0.002
  1  Er    0         0         0.5          0.002
  2  Er    0.75      0.25      0            0.005
  3  Er    0.75      0.75      0            0.005
  4  Er    0.25      0.25      0            0.005
  5  Er    0.25      0.75      0            0.005
  6  Co    0         0.5       0.464846    -0.215
  7  Co    0.5       0         0.535154    -0.215
  8  Co    0.389772  0.5       0.888295     0
  9  Co    0         0.110228  0.888295     0.004
 10  Co    0         0.889772  0.888295     0.004
 11  Co    0.610228  0.5       0.888295     0
 12  Co    0.110228  0         0.111705     0
 13  Co    0.889772  0         0.111705     0
 14  Co    0.5       0.389772  0.111705     0.004
 15  Co    0.5       0.610228  0.111705     0.004
 16  Co    0.771709  0.5       0.472685    -0.043
 17  Co    0         0.728291  0.472685    -0.046
 18  Co    0         0.271709  0.472685    -0.046
 19  Co    0.228291  0.5       0.472685    -0.043
 20  Co    0.728291  0         0.527315    -0.044
 21  Co    0.271709  0         0.527315    -0.044
 22  Co    0.5       0.771709  0.527315    -0.045
 23  Co    0.5       0.228291  0.527315    -0.045
 24  Co    0.835075  0.5       0.969304    -0.034
 25  Co    0         0.664925  0.969304    -0.03
 26  Co    0         0.335075  0.969304    -0.03
 27  Co    0.164925  0.5       0.969304    -0.034
 28  Co    0.664925  0         0.030696    -0.035
 29  Co    0.335075  0         0.030696    -0.035
 30  Co    0.5       0.835075  0.030696    -0.03
 31  Co    0.5       0.164925  0.030696    -0.03
 32  Co    0.883941  0.383941  0.247364    -0.061
 33  Co    0.883941  0.616059  0.247364    -0.061
 34  Co    0.116059  0.383941  0.247364    -0.061
 35  Co    0.116059  0.616059  0.247364    -0.061
 36  Co    0.616059  0.883941  0.752636    -0.061
 37  Co    0.383941  0.116059  0.752636    -0.061
 38  Co    0.383941  0.883941  0.752636    -0.061
 39  Co    0.616059  0.116059  0.752636    -0.061
 40  Co    0.889933  0.389933  0.697588    -0.033
 41  Co    0.889933  0.610067  0.697588    -0.033
 42  Co    0.110067  0.389933  0.697588    -0.033
 43  Co    0.110067  0.610067  0.697588    -0.033
 44  Co    0.610067  0.889933  0.302412    -0.033
 45  Co    0.389933  0.110067  0.302412    -0.033
 46  Co    0.389933  0.889933  0.302412    -0.032
 47  Co    0.610067  0.110067  0.302412    -0.032
 48  Co    0.338462  0.325687  0.335741    -0.018
 49  Co    0.825687  0.161538  0.335741    -0.018
 50  Co    0.174313  0.838462  0.335741    -0.018
 51  Co    0.661538  0.674313  0.335741    -0.018
 52  Co    0.161538  0.825687  0.664259    -0.018
 53  Co    0.838462  0.174313  0.664259    -0.018
 54  Co    0.325687  0.338462  0.664259    -0.018
 55  Co    0.674313  0.661538  0.664259    -0.018
 56  Co    0.161538  0.174313  0.664259    -0.018
 57  Co    0.674313  0.338462  0.664259    -0.017
 58  Co    0.325687  0.661538  0.664259    -0.018
 59  Co    0.838462  0.825687  0.664259    -0.018
 60  Co    0.338462  0.674313  0.335741    -0.018
 61  Co    0.661538  0.325687  0.335741    -0.018
 62  Co    0.174313  0.161538  0.335741    -0.018
 63  Co    0.825687  0.838462  0.335741    -0.018
 64  Si    0.317674  0.5       0.174769     0
 65  Si    0         0.182326  0.174769     0
 66  Si    0         0.817674  0.174769     0
 67  Si    0.682326  0.5       0.174769     0
 68  Si    0.182326  0         0.825231     0
 69  Si    0.817674  0         0.825231     0
 70  Si    0.5       0.317674  0.825231     0
 71  Si    0.5       0.682326  0.825231     0
 72  B     0         0.5       0.105779     0.001
 73  B     0.5       0         0.894221     0.001
 74  B     0         0.5       0.850251     0.001
 75  B     0.5       0         0.149749     0
 76  B     0.743709  0.5       0.735172     0.001
 77  B     0         0.756291  0.735172     0.001
 78  B     0         0.243709  0.735172     0.001
 79  B     0.256291  0.5       0.735172     0.001
 80  B     0.756291  0         0.264828     0.001
 81  B     0.243709  0         0.264828     0.001
 82  B     0.5       0.743709  0.264828     0.001
 83  B     0.5       0.256291  0.264828     0.001
 84  B     0.813929  0.313929  0.481244     0.001
 85  B     0.813929  0.686071  0.481244     0.001
 86  B     0.186071  0.313929  0.481244     0.001
 87  B     0.186071  0.686071  0.481244     0.001
 88  B     0.686071  0.813929  0.518756     0.001
 89  B     0.313929  0.186071  0.518756     0.001
 90  B     0.313929  0.813929  0.518756     0.001
 91  B     0.686071  0.186071  0.518756     0.001",0.000291063
mp-2265,"Full Formula (Tb2 Co4)
Reduced Formula: TbCo2
abc   :   5.081097   5.081097   5.081097
angles:  60.000000  60.000000  60.000000
pbc   :       True       True       True
Sites (6)
  #  SP        a      b      c    magmom
---  ----  -----  -----  -----  --------
  0  Tb    0.25   0.25   0.25      0.048
  1  Tb    0      0      0         0.048
  2  Co    0.625  0.625  0.125    -0.133
  3  Co    0.625  0.125  0.625    -0.135
  4  Co    0.125  0.625  0.625    -0.126
  5  Co    0.625  0.625  0.625    -0.134",0.002234419
mp-1200125,"Full Formula (Y8 Co56 B4)
Reduced Formula: Y2Co14B
abc   :   8.580905   8.580905  11.664190
angles:  90.000000  90.000000  90.000000
pbc   :       True       True       True
Sites (68)
  #  SP           a         b         c    magmom
---  ----  --------  --------  --------  --------
  0  Y     0.224908  0.775092  0.5          0.001
  1  Y     0.775092  0.224908  0.5          0.001
  2  Y     0.275092  0.275092  0            0.001
  3  Y     0.724908  0.724908  0            0.001
  4  Y     0.644783  0.644783  0.5          0.001
  5  Y     0.355217  0.355217  0.5          0.001
  6  Y     0.855217  0.144783  0            0.001
  7  Y     0.144783  0.855217  0            0.001
  8  Co    0         0.5       0.5          0.016
  9  Co    0.5       0         0            0.02
 10  Co    0.5       0         0.5          0.027
 11  Co    0         0.5       0            0.031
 12  Co    0.5       0.5       0.11633      0.023
 13  Co    0         0         0.61633      0.029
 14  Co    0.5       0.5       0.88367      0.023
 15  Co    0         0         0.38367      0.029
 16  Co    0.181965  0.818035  0.253872     0.043
 17  Co    0.818035  0.181965  0.253872     0.043
 18  Co    0.318035  0.318035  0.753872     0.046
 19  Co    0.681965  0.681965  0.753872     0.046
 20  Co    0.818035  0.181965  0.746128     0.043
 21  Co    0.181965  0.818035  0.746128     0.043
 22  Co    0.681965  0.681965  0.246128     0.046
 23  Co    0.318035  0.318035  0.246128     0.046
 24  Co    0.401675  0.598325  0.297617     0.005
 25  Co    0.598325  0.401675  0.297617     0.005
 26  Co    0.098325  0.098325  0.797617     0.005
 27  Co    0.901675  0.901675  0.797617     0.005
 28  Co    0.598325  0.401675  0.702383     0.005
 29  Co    0.401675  0.598325  0.702383     0.005
 30  Co    0.901675  0.901675  0.202383     0.005
 31  Co    0.098325  0.098325  0.202383     0.005
 32  Co    0.14077   0.537011  0.322529     0.067
 33  Co    0.85923   0.462989  0.322529     0.067
 34  Co    0.35923   0.037011  0.822529     0.064
 35  Co    0.64077   0.962989  0.822529     0.064
 36  Co    0.85923   0.462989  0.677471     0.068
 37  Co    0.14077   0.537011  0.677471     0.068
 38  Co    0.64077   0.962989  0.177471     0.064
 39  Co    0.35923   0.037011  0.177471     0.064
 40  Co    0.537011  0.14077   0.322529     0.069
 41  Co    0.462989  0.85923   0.322529     0.069
 42  Co    0.037011  0.35923   0.822529     0.065
 43  Co    0.962989  0.64077   0.822529     0.065
 44  Co    0.462989  0.85923   0.677471     0.069
 45  Co    0.537011  0.14077   0.677471     0.069
 46  Co    0.962989  0.64077   0.177471     0.065
 47  Co    0.037011  0.35923   0.177471     0.065
 48  Co    0.931141  0.723909  0.374038     0.028
 49  Co    0.068859  0.276091  0.374038     0.028
 50  Co    0.568859  0.223909  0.874038     0.029
 51  Co    0.431141  0.776091  0.874038     0.029
 52  Co    0.068859  0.276091  0.625962     0.028
 53  Co    0.931141  0.723909  0.625962     0.028
 54  Co    0.431141  0.776091  0.125962     0.029
 55  Co    0.568859  0.223909  0.125962     0.029
 56  Co    0.723909  0.931141  0.374038     0.027
 57  Co    0.276091  0.068859  0.374038     0.027
 58  Co    0.223909  0.568859  0.874038     0.028
 59  Co    0.776091  0.431141  0.874038     0.028
 60  Co    0.276091  0.068859  0.625962     0.027
 61  Co    0.723909  0.931141  0.625962     0.027
 62  Co    0.776091  0.431141  0.125962     0.028
 63  Co    0.223909  0.568859  0.125962     0.028
 64  B     0.876805  0.876805  0.5         -0.001
 65  B     0.123195  0.123195  0.5         -0.001
 66  B     0.623195  0.376805  0           -0
 67  B     0.376805  0.623195  0           -0",1.81E-05
mp-2588,"Full Formula (Y3 Co9)
Reduced Formula: YCo3
abc   :   8.622485   8.622485   8.622485
angles:  33.667997  33.667997  33.667996
pbc   :       True       True       True
Sites (12)
  #  SP           a         b         c    magmom
---  ----  --------  --------  --------  --------
  0  Y     0.860305  0.860305  0.860305    -0.002
  1  Y     0.139695  0.139695  0.139695    -0.002
  2  Y     0         0         0            0.003
  3  Co    0.417838  0.417838  0.921239    -0.012
  4  Co    0.921239  0.417838  0.417838    -0.008
  5  Co    0.417838  0.921239  0.417838    -0.019
  6  Co    0.5       0.5       0.5          0.134
  7  Co    0.334725  0.334725  0.334725    -0.022
  8  Co    0.665275  0.665275  0.665275    -0.022
  9  Co    0.078761  0.582162  0.582162    -0.008
 10  Co    0.582162  0.582162  0.078761    -0.012
 11  Co    0.582162  0.078761  0.582162    -0.019",2.39E-05
mp-1209908,"Full Formula (Nd4 Cr4 Sb12)
Reduced Formula: NdCrSb3
abc   :   6.109279   6.240270  13.178371
angles:  90.000000  90.000000  90.000000
pbc   :       True       True       True
Sites (20)
  #  SP       a         b         c    magmom
---  ----  ----  --------  --------  --------
  0  Nd    0.25  0.504934  0.307932    -0.003
  1  Nd    0.75  0.495066  0.692068    -0.003
  2  Nd    0.25  0.004934  0.692068    -0.003
  3  Nd    0.75  0.995066  0.307932    -0.003
  4  Cr    0     0.75      0.906851     0.269
  5  Cr    0     0.25      0.093149     0.271
  6  Cr    0.5   0.25      0.093149     0.317
  7  Cr    0.5   0.75      0.906851     0.315
  8  Sb    0     0.75      0.501385     0.004
  9  Sb    0     0.25      0.498615     0.005
 10  Sb    0.5   0.25      0.498615     0.005
 11  Sb    0.5   0.75      0.501385     0.004
 12  Sb    0.25  0.599698  0.061768    -0.012
 13  Sb    0.75  0.400302  0.938232    -0.012
 14  Sb    0.25  0.099698  0.938232    -0.012
 15  Sb    0.75  0.900302  0.061768    -0.012
 16  Sb    0.25  0.998908  0.218771    -0.006
 17  Sb    0.75  0.001092  0.781229    -0.006
 18  Sb    0.25  0.498908  0.781229    -0.006
 19  Sb    0.75  0.501092  0.218771    -0.006",0.000282299
mp-2831,"Full Formula (Fe1 Pd1)
Reduced Formula: FePd
abc   :   2.715956   2.715956   3.777118
angles:  90.000000  90.000000  90.000000
pbc   :       True       True       True
Sites (2)
  #  SP      a    b    c    magmom
---  ----  ---  ---  ---  --------
  0  Fe    0    0    0       2.99
  1  Pd    0.5  0.5  0.5     0.337",0.117961524
mp-30551,"Full Formula (Ga1 Fe1 Co2)
Reduced Formula: GaFeCo2
abc   :   4.036537   4.036537   4.036537
angles:  60.000000  60.000000  60.000000
pbc   :       True       True       True
Sites (4)
  #  SP       a     b     c    magmom
---  ----  ----  ----  ----  --------
  0  Ga    0.5   0.5   0.5     -0.07
  1  Fe    0     0     0        2.773
  2  Co    0.75  0.75  0.75     1.174
  3  Co    0.25  0.25  0.25     1.174",0.107512273
mp-30557,"Full Formula (Y3 Ga6 Co9)
Reduced Formula: YGa2Co3
abc   :   9.030418   9.030418   3.820038
angles:  90.000000  90.000000 119.999997
pbc   :       True       True       True
Sites (18)
  #  SP           a         b    c    magmom
---  ----  --------  --------  ---  --------
  0  Y     0         0         0      -0.002
  1  Y     0.333333  0.666667  0.5    -0.003
  2  Y     0.666667  0.333333  0.5    -0.003
  3  Ga    0.318526  0         0.5    -0.001
  4  Ga    0.318526  0.318526  0.5    -0
  5  Ga    0         0.681474  0.5    -0.001
  6  Ga    0         0.318526  0.5    -0.001
  7  Ga    0.681474  0.681474  0.5    -0
  8  Ga    0.681474  0         0.5    -0.001
  9  Co    0.5       0         0       0.076
 10  Co    0.5       0.5       0       0.089
 11  Co    0         0.5       0       0.052
 12  Co    0.183875  0.367749  0       0.025
 13  Co    0.816125  0.183875  0       0.023
 14  Co    0.367749  0.183875  0       0.032
 15  Co    0.632251  0.816125  0       0.032
 16  Co    0.183875  0.816125  0       0.023
 17  Co    0.816125  0.632251  0       0.025",0.000208832
mp-30559,"Full Formula (La2 Co26)
Reduced Formula: LaCo13
abc   :   7.972719   7.972719   7.972719
angles:  60.000000  60.000000  60.000000
pbc   :       True       True       True
Sites (28)
  #  SP           a         b         c    magmom
---  ----  --------  --------  --------  --------
  0  La    0.25      0.25      0.25        -0.195
  1  La    0.75      0.75      0.75        -0.195
  2  Co    0.5       0.5       0.5          1.381
  3  Co    0         0         0            1.38
  4  Co    0.204609  0.795391  0.44044      1.681
  5  Co    0.94044   0.295391  0.704609     1.62
  6  Co    0.704609  0.05956   0.94044      1.638
  7  Co    0.94044   0.05956   0.295391     1.643
  8  Co    0.05956   0.94044   0.704609     1.643
  9  Co    0.05956   0.295391  0.94044      1.557
 10  Co    0.704609  0.94044   0.295391     1.583
 11  Co    0.44044   0.795391  0.55956      1.605
 12  Co    0.55956   0.795391  0.204609     1.571
 13  Co    0.795391  0.55956   0.44044      1.596
 14  Co    0.55956   0.204609  0.44044      1.606
 15  Co    0.795391  0.44044   0.204609     1.624
 16  Co    0.44044   0.204609  0.795391     1.571
 17  Co    0.204609  0.55956   0.795391     1.624
 18  Co    0.204609  0.44044   0.55956      1.596
 19  Co    0.704609  0.295391  0.05956      1.68
 20  Co    0.295391  0.94044   0.05956      1.639
 21  Co    0.295391  0.05956   0.704609     1.582
 22  Co    0.94044   0.704609  0.05956      1.558
 23  Co    0.05956   0.704609  0.295391     1.62
 24  Co    0.295391  0.704609  0.94044      1.68
 25  Co    0.44044   0.55956   0.204609     1.644
 26  Co    0.795391  0.204609  0.55956      1.682
 27  Co    0.55956   0.44044   0.795391     1.645",0.05646869
mp-3680,"Full Formula (Er8 Fe56 B4)
Reduced Formula: Er2Fe14B
abc   :   8.716964   8.716964  11.846352
angles:  90.000000  90.000000  90.000000
pbc   :       True       True       True
Sites (68)
  #  SP           a         b         c    magmom
---  ----  --------  --------  --------  --------
  0  Er    0.266698  0.733302  0            0.001
  1  Er    0.766698  0.766698  0.5          0
  2  Er    0.233302  0.233302  0.5          0
  3  Er    0.733302  0.266698  0            0.001
  4  Er    0.856436  0.856436  0            0.002
  5  Er    0.643564  0.356436  0.5          0.002
  6  Er    0.356436  0.643564  0.5          0.002
  7  Er    0.143564  0.143564  0            0.002
  8  Fe    0.141498  0.462832  0.325686    -0.012
  9  Fe    0.858502  0.537168  0.325686    -0.012
 10  Fe    0.462832  0.141498  0.674314    -0.005
 11  Fe    0.962832  0.358502  0.825686    -0.002
 12  Fe    0.037168  0.641498  0.825686    -0.002
 13  Fe    0.358502  0.962832  0.174314    -0.008
 14  Fe    0.641498  0.037168  0.174314    -0.008
 15  Fe    0.537168  0.858502  0.674314    -0.005
 16  Fe    0.858502  0.537168  0.674314    -0.011
 17  Fe    0.141498  0.462832  0.674314    -0.011
 18  Fe    0.537168  0.858502  0.325686    -0.006
 19  Fe    0.037168  0.641498  0.174314    -0.002
 20  Fe    0.962832  0.358502  0.174314    -0.002
 21  Fe    0.641498  0.037168  0.825686    -0.007
 22  Fe    0.358502  0.962832  0.825686    -0.007
 23  Fe    0.462832  0.141498  0.325686    -0.006
 24  Fe    0.066014  0.724366  0.374062    -0.002
 25  Fe    0.933986  0.275634  0.374062    -0.002
 26  Fe    0.724366  0.066014  0.625938    -0.004
 27  Fe    0.224366  0.433986  0.874062     0
 28  Fe    0.775634  0.566014  0.874062     0
 29  Fe    0.433986  0.224366  0.125938     0.002
 30  Fe    0.566014  0.775634  0.125938     0.002
 31  Fe    0.275634  0.933986  0.625938    -0.004
 32  Fe    0.933986  0.275634  0.625938    -0.003
 33  Fe    0.066014  0.724366  0.625938    -0.003
 34  Fe    0.275634  0.933986  0.374062    -0.005
 35  Fe    0.775634  0.566014  0.125938    -0.001
 36  Fe    0.224366  0.433986  0.125938    -0
 37  Fe    0.566014  0.775634  0.874062     0.002
 38  Fe    0.433986  0.224366  0.874062     0.001
 39  Fe    0.724366  0.066014  0.374062    -0.005
 40  Fe    0.817021  0.817021  0.745905     0.016
 41  Fe    0.182979  0.182979  0.745905     0.017
 42  Fe    0.817021  0.817021  0.254095     0.018
 43  Fe    0.317021  0.682979  0.245905     0.014
 44  Fe    0.682979  0.317021  0.245905     0.015
 45  Fe    0.682979  0.317021  0.754095     0.013
 46  Fe    0.317021  0.682979  0.754095     0.013
 47  Fe    0.182979  0.182979  0.254095     0.017
 48  Fe    0.597149  0.597149  0.699448    -0.072
 49  Fe    0.402851  0.402851  0.699448    -0.072
 50  Fe    0.597149  0.597149  0.300552    -0.073
 51  Fe    0.097149  0.902851  0.199448    -0.075
 52  Fe    0.902851  0.097149  0.199448    -0.075
 53  Fe    0.902851  0.097149  0.800552    -0.075
 54  Fe    0.097149  0.902851  0.800552    -0.075
 55  Fe    0.402851  0.402851  0.300552    -0.072
 56  Fe    0         0         0.616001     0.036
 57  Fe    0.5       0.5       0.116001     0.03
 58  Fe    0.5       0.5       0.883999     0.03
 59  Fe    0         0         0.383999     0.035
 60  Fe    0.5       0         0           -0.023
 61  Fe    0.5       0         0.5         -0.04
 62  Fe    0         0.5       0.5         -0.043
 63  Fe    0         0.5       0           -0.021
 64  B     0.62491   0.62491   0           -0.002
 65  B     0.87509   0.12491   0.5         -0.002
 66  B     0.12491   0.87509   0.5         -0.002
 67  B     0.37509   0.37509   0           -0.002",1.82E-05
mp-758934,"Full Formula (Dy6 Co58 Si8 B20)
Reduced Formula: Dy3Co29(Si2B5)2
abc   :  11.133355  11.133355   7.825031
angles:  90.000000  90.000000  90.000000
pbc   :       True       True       True
Sites (92)
  #  SP           a         b         c    magmom
---  ----  --------  --------  --------  --------
  0  Dy    0.75      0.25      0           -0
  1  Dy    0.25      0.25      0           -0
  2  Dy    0.5       0.5       0.5          0
  3  Dy    0.75      0.75      0           -0
  4  Dy    0.25      0.75      0           -0
  5  Dy    0         0         0.5          0
  6  Co    0         0.272247  0.473998     0.011
  7  Co    0.338476  0.3257    0.335913     0.005
  8  Co    0.661524  0.3257    0.335913     0.005
  9  Co    0         0.335529  0.970998     0.01
 10  Co    0.3257    0.338476  0.664087     0.004
 11  Co    0.6743    0.338476  0.664087     0.004
 12  Co    0.884353  0.384353  0.249784     0.012
 13  Co    0.115647  0.384353  0.249784     0.012
 14  Co    0.5       0.389733  0.111243     0.002
 15  Co    0.889838  0.389838  0.698918     0.01
 16  Co    0.110162  0.389838  0.698918     0.01
 17  Co    0.835529  0.5       0.970998     0.008
 18  Co    0.772247  0.5       0.473998     0.019
 19  Co    0         0.5       0.467209     0.078
 20  Co    0.389733  0.5       0.888757     0.002
 21  Co    0.610267  0.5       0.888757     0.002
 22  Co    0.164471  0.5       0.970998     0.008
 23  Co    0.227753  0.5       0.473998     0.019
 24  Co    0.889838  0.610162  0.698918     0.01
 25  Co    0.110162  0.610162  0.698918     0.01
 26  Co    0.5       0.610267  0.111243     0.002
 27  Co    0.884353  0.615647  0.249784     0.013
 28  Co    0.115647  0.615647  0.249784     0.012
 29  Co    0.3257    0.661524  0.664087     0.004
 30  Co    0.6743    0.661524  0.664087     0.004
 31  Co    0         0.664471  0.970998     0.01
 32  Co    0.338476  0.6743    0.335913     0.005
 33  Co    0.661524  0.6743    0.335913     0.006
 34  Co    0         0.727753  0.473998     0.011
 35  Co    0.5       0.772247  0.526002     0.01
 36  Co    0.838476  0.8257    0.664087     0.006
 37  Co    0.161524  0.8257    0.664087     0.005
 38  Co    0.5       0.835529  0.029002     0.01
 39  Co    0.8257    0.838476  0.335913     0.004
 40  Co    0.1743    0.838476  0.335913     0.004
 41  Co    0.384353  0.884353  0.750216     0.012
 42  Co    0.615647  0.884353  0.750216     0.012
 43  Co    0         0.889733  0.888757     0.001
 44  Co    0.389838  0.889838  0.301082     0.009
 45  Co    0.610162  0.889838  0.301082     0.01
 46  Co    0.664471  0         0.029002     0.009
 47  Co    0.727753  0         0.526002     0.019
 48  Co    0.889733  0         0.111243     0.002
 49  Co    0.110267  0         0.111243     0.002
 50  Co    0.272247  0         0.526002     0.019
 51  Co    0.335529  0         0.029002     0.009
 52  Co    0.5       0         0.532791     0.075
 53  Co    0.389838  0.110162  0.301082     0.01
 54  Co    0.610162  0.110162  0.301082     0.009
 55  Co    0         0.110267  0.888757     0.001
 56  Co    0.384353  0.115647  0.750216     0.012
 57  Co    0.615647  0.115647  0.750216     0.012
 58  Co    0.8257    0.161524  0.335913     0.004
 59  Co    0.1743    0.161524  0.335913     0.004
 60  Co    0.5       0.164471  0.029002     0.01
 61  Co    0.838476  0.1743    0.664087     0.006
 62  Co    0.161524  0.1743    0.664087     0.005
 63  Co    0.5       0.227753  0.526002     0.01
 64  Si    0.5       0.318046  0.824754     0
 65  Si    0.318046  0.5       0.175246     0
 66  Si    0.681954  0.5       0.175246     0
 67  Si    0.5       0.681954  0.824754     0
 68  Si    0         0.818046  0.175246     0
 69  Si    0.818046  0         0.824754     0
 70  Si    0.181954  0         0.824754     0
 71  Si    0         0.181954  0.175246     0
 72  B     0.813442  0.313442  0.482273     0
 73  B     0.186558  0.313442  0.482273     0
 74  B     0.5       0.256289  0.263342    -0
 75  B     0         0.5       0.10799      0
 76  B     0         0.5       0.851084     0
 77  B     0.256289  0.5       0.736658    -0
 78  B     0.743711  0.5       0.736658    -0
 79  B     0.5       0.743711  0.263342    -0
 80  B     0.813442  0.686558  0.482273     0
 81  B     0.186558  0.686558  0.482273     0
 82  B     0.313442  0.813442  0.517727     0
 83  B     0.686558  0.813442  0.517727     0
 84  B     0         0.756289  0.736658    -0
 85  B     0.756289  0         0.263342    -0
 86  B     0.243711  0         0.263342    -0
 87  B     0.5       0         0.148916     0
 88  B     0.5       0         0.89201      0
 89  B     0         0.243711  0.736658    -0
 90  B     0.686558  0.186558  0.517727     0
 91  B     0.313442  0.186558  0.517727     0",4.30E-05
mp-1191853,"Full Formula (Nd2 Co18 Si4)
Reduced Formula: NdCo9Si2
abc   :   7.523158   7.523158   7.523158
angles:  99.995547  99.995547 130.757334
pbc   :       True       True       True
Sites (24)
  #  SP           a         b         c    magmom
---  ----  --------  --------  --------  --------
  0  Nd    0         0         0            0.001
  1  Nd    0.25      0.75      0.5          0.001
  2  Co    0.75      0.25      0.5         -0.06
  3  Co    0.5       0.5       0           -0.06
  4  Co    0.183051  0.515066  0.08044      0.002
  5  Co    0.183051  0.102611  0.667985     0.002
  6  Co    0.765066  0.933051  0.58044      0.002
  7  Co    0.765066  0.184626  0.832015     0.002
  8  Co    0.434626  0.515066  0.332015     0.001
  9  Co    0.434626  0.102611  0.91956      0.002
 10  Co    0.352611  0.933051  0.167985     0.001
 11  Co    0.352611  0.184626  0.41956      0.001
 12  Co    0.066949  0.234934  0.41956      0.002
 13  Co    0.066949  0.647389  0.832015     0.002
 14  Co    0.484934  0.816949  0.91956      0.002
 15  Co    0.484934  0.565374  0.667985     0.002
 16  Co    0.815374  0.234934  0.167985     0.001
 17  Co    0.815374  0.647389  0.58044      0.002
 18  Co    0.897389  0.816949  0.332015     0.001
 19  Co    0.897389  0.565374  0.08044      0.001
 20  Si    0.125     0.375     0.75         0
 21  Si    0.625     0.875     0.25         0
 22  Si    0.625     0.375     0.75         0
 23  Si    0.625     0.375     0.25         0",0.000163324
mp-5757,"Full Formula (Ce1 B2 Rh3)
Reduced Formula: CeB2Rh3
abc   :   5.487848   5.487848   3.118209
angles:  90.000000  90.000000 120.000002
pbc   :       True       True       True
Sites (6)
  #  SP           a         b    c    magmom
---  ----  --------  --------  ---  --------
  0  Ce    0         0         0       0.566
  1  B     0.333333  0.666667  0      -0.004
  2  B     0.666667  0.333333  0      -0.004
  3  Rh    0.5       0         0.5    -0.013
  4  Rh    0.5       0.5       0.5    -0.017
  5  Rh    0         0.5       0.5     0.006",0.008963093
mp-1197625,"Full Formula (Li4 Ce16 Ge16)
Reduced Formula: Li(CeGe)4
abc   :   7.386495   7.996489  15.029673
angles:  90.000000  90.000000  90.000000
pbc   :       True       True       True
Sites (36)
  #  SP           a         b         c    magmom
---  ----  --------  --------  --------  --------
  0  Li    0.657612  0.970547  0.75         0.004
  1  Li    0.157612  0.529453  0.75         0.004
  2  Li    0.342388  0.029453  0.25         0.004
  3  Li    0.842388  0.470547  0.25         0.004
  4  Ce    0.519881  0.314021  0.097498     0.927
  5  Ce    0.019881  0.185979  0.402502     0.925
  6  Ce    0.480119  0.685979  0.597498     0.927
  7  Ce    0.980119  0.814021  0.902502     0.925
  8  Ce    0.480119  0.685979  0.902502     0.927
  9  Ce    0.980119  0.814021  0.597498     0.925
 10  Ce    0.519881  0.314021  0.402502     0.927
 11  Ce    0.019881  0.185979  0.097498     0.925
 12  Ce    0.824879  0.319733  0.628108     0.8
 13  Ce    0.324879  0.180267  0.871892     0.785
 14  Ce    0.175121  0.680267  0.128108     0.8
 15  Ce    0.675121  0.819733  0.371892     0.785
 16  Ce    0.175121  0.680267  0.371892     0.8
 17  Ce    0.675121  0.819733  0.128108     0.785
 18  Ce    0.824879  0.319733  0.871892     0.8
 19  Ce    0.324879  0.180267  0.628108     0.785
 20  Ge    0.662117  0.030767  0.535815    -0.017
 21  Ge    0.162117  0.469233  0.964185    -0.018
 22  Ge    0.337883  0.969233  0.035815    -0.017
 23  Ge    0.837883  0.530767  0.464185    -0.018
 24  Ge    0.337883  0.969233  0.464185    -0.017
 25  Ge    0.837883  0.530767  0.035815    -0.018
 26  Ge    0.662117  0.030767  0.964185    -0.017
 27  Ge    0.162117  0.469233  0.535815    -0.018
 28  Ge    0.512464  0.422156  0.75        -0.015
 29  Ge    0.012464  0.077844  0.75        -0.017
 30  Ge    0.487536  0.577844  0.25        -0.015
 31  Ge    0.987536  0.922156  0.25        -0.017
 32  Ge    0.775535  0.635574  0.75        -0.019
 33  Ge    0.275535  0.864426  0.75        -0.021
 34  Ge    0.224465  0.364426  0.25        -0.019
 35  Ge    0.724465  0.135574  0.25        -0.021",0.00497966
mp-1213577,"Full Formula (Dy6 Co16 Sn8)
Reduced Formula: Dy3(Co2Sn)4
abc   :   7.542309   8.817103   8.817103
angles: 120.000004  90.000000  90.000000
pbc   :       True       True       True
Sites (30)
  #  SP           a         b         c    magmom
---  ----  --------  --------  --------  --------
  0  Dy    0.785479  0.475064  0.950129     0.003
  1  Dy    0.785479  0.475064  0.524936     0.003
  2  Dy    0.285479  0.524936  0.049871     0.003
  3  Dy    0.785479  0.049871  0.524936    -0.002
  4  Dy    0.285479  0.524936  0.475064     0.003
  5  Dy    0.285479  0.950129  0.475064    -0.002
  6  Co    0.625622  0.666667  0.333333     0.013
  7  Co    0.125622  0.333333  0.666667     0.013
  8  Co    0.756056  0.0984    0.196801    -0.002
  9  Co    0.756056  0.0984    0.9016      -0.002
 10  Co    0.256056  0.9016    0.803199    -0.002
 11  Co    0.756056  0.803199  0.9016      -0.032
 12  Co    0.256056  0.9016    0.0984      -0.002
 13  Co    0.256056  0.196801  0.0984      -0.032
 14  Co    0.940127  0.839597  0.679193     0.03
 15  Co    0.940127  0.839597  0.160403     0.03
 16  Co    0.440127  0.160403  0.320807     0.03
 17  Co    0.940127  0.320807  0.160403    -0.075
 18  Co    0.440127  0.160403  0.839597     0.03
 19  Co    0.440127  0.679193  0.839597    -0.075
 20  Co    0.999488  0         0           -0.002
 21  Co    0.499488  0         0           -0.002
 22  Sn    0.976091  0.666667  0.333333     0
 23  Sn    0.476091  0.333333  0.666667     0
 24  Sn    0.57297   0.829487  0.658975     0.001
 25  Sn    0.57297   0.829487  0.170513     0.001
 26  Sn    0.07297   0.170513  0.341025     0.001
 27  Sn    0.57297   0.341025  0.170513    -0.001
 28  Sn    0.07297   0.170513  0.829487     0.001
 29  Sn    0.07297   0.658975  0.829487    -0.001",2.81E-05
mp-1213967,"Full Formula (Ce4 Cr4 Sb12)
Reduced Formula: CeCrSb3
abc   :   6.144345   6.279858  12.936427
angles:  90.000000  90.000000  90.000000
pbc   :       True       True       True
Sites (20)
  #  SP       a         b         c    magmom
---  ----  ----  --------  --------  --------
  0  Ce    0.25  0.503416  0.307745     0.031
  1  Ce    0.75  0.496584  0.692255     0.031
  2  Ce    0.25  0.003416  0.692255     0.031
  3  Ce    0.75  0.996584  0.307745     0.031
  4  Cr    0     0.75      0.905823     0.096
  5  Cr    0     0.25      0.094177     0.094
  6  Cr    0.5   0.25      0.094177     0.088
  7  Cr    0.5   0.75      0.905823     0.087
  8  Sb    0     0.75      0.501138     0
  9  Sb    0     0.25      0.498862     0
 10  Sb    0.5   0.25      0.498862     0
 11  Sb    0.5   0.75      0.501138     0
 12  Sb    0.25  0.599446  0.062719    -0.001
 13  Sb    0.75  0.400554  0.937281    -0.001
 14  Sb    0.25  0.099446  0.937281    -0.001
 15  Sb    0.75  0.900554  0.062719    -0.001
 16  Sb    0.25  0.002056  0.226294    -0.001
 17  Sb    0.75  0.997944  0.773706    -0.001
 18  Sb    0.25  0.502056  0.773706    -0.001
 19  Sb    0.75  0.497944  0.226294    -0.001",0.000123209
mp-1216046,"Full Formula (Y1 Co4 B1)
Reduced Formula: YCo4B
abc   :   4.991612   4.993083   3.504561
angles:  90.000000  90.000000 119.990231
pbc   :       True       True       True
Sites (6)
  #  SP           a         b     c    magmom
---  ----  --------  --------  ----  --------
  0  Y     2e-05     4.1e-05   -0      -0.183
  1  Co    0.491077  0.982113   0.5     0.904
  2  Co    0.491212  0.509031   0.5     0.911
  3  Co    0.017797  0.509      0.5     0.907
  4  Co    0.666478  0.333033  -0       1.465
  5  B     0.333317  0.666782  -0      -0.027",0.050531092
mp-645286,"Full Formula (Gd1 Co12 B6)
Reduced Formula: Gd(Co2B)6
abc   :   5.956945   5.956945   5.956945
angles: 104.079037 104.079037 104.079035
pbc   :       True       True       True
Sites (19)
  #  SP           a         b         c    magmom
---  ----  --------  --------  --------  --------
  0  Gd    0         0         0            6.869
  1  Co    0.5       0.867605  0.132395     0.372
  2  Co    0.867605  0.5       0.132395     0.351
  3  Co    0.5       0.132395  0.867605     0.372
  4  Co    0.455601  0.186201  0.455601     0.9
  5  Co    0.813799  0.544399  0.544399     0.898
  6  Co    0.186201  0.455601  0.455601     0.898
  7  Co    0.544399  0.544399  0.813799     0.884
  8  Co    0.132395  0.867605  0.5          0.341
  9  Co    0.867605  0.132395  0.5          0.341
 10  Co    0.544399  0.813799  0.544399     0.9
 11  Co    0.132395  0.5       0.867605     0.351
 12  Co    0.455601  0.455601  0.186201     0.884
 13  B     0.67705   0.233876  0.233876    -0.044
 14  B     0.233876  0.233876  0.67705     -0.044
 15  B     0.233876  0.67705   0.233876    -0.044
 16  B     0.766124  0.766124  0.32295     -0.044
 17  B     0.766124  0.32295   0.766124    -0.044
 18  B     0.32295   0.766124  0.766124    -0.044",0.074272339
mp-1224201,"Full Formula (Ho2 Fe17 C1)
Reduced Formula: Ho2Fe17C
abc   :   6.449434   6.449434   6.405825
angles:  83.185394  83.185394  83.677928
pbc   :       True       True       True
Sites (20)
  #  SP           a         b         c    magmom
---  ----  --------  --------  --------  --------
  0  Ho    0.339421  0.339421  0.347186    -0.007
  1  Ho    0.660579  0.660579  0.652814    -0.007
  2  Fe    0.714575  0.285425  0            0.101
  3  Fe    0.291078  0.999922  0.708268    -0.023
  4  Fe    7.8e-05   0.708922  0.291732    -0.022
  5  Fe    0.708922  7.8e-05   0.291732    -0.023
  6  Fe    0.999922  0.291078  0.708268    -0.022
  7  Fe    0.285425  0.714575  0            0.101
  8  Fe    0.096915  0.096915  0.096894     0.009
  9  Fe    0.903085  0.903085  0.903106     0.009
 10  Fe    0         0         0.5          0.034
 11  Fe    0         0.5       0            0.081
 12  Fe    0.5       0         0            0.075
 13  Fe    0.150772  0.658167  0.656754     0.057
 14  Fe    0.657435  0.657435  0.151247     0.206
 15  Fe    0.658167  0.150772  0.656754     0.047
 16  Fe    0.849228  0.341833  0.343246     0.057
 17  Fe    0.342565  0.342565  0.848753     0.206
 18  Fe    0.341833  0.849228  0.343246     0.047
 19  C     0.5       0.5       0           -0.007",0.002333974
mp-1221630,"Full Formula (Mn1 Cu1 Ni1 Sn1)
Reduced Formula: MnCuNiSn
abc   :   4.322166   4.322166   4.322166
angles:  60.000000  60.000000  60.000000
pbc   :       True       True       True
Sites (4)
  #  SP       a     b     c    magmom
---  ----  ----  ----  ----  --------
  0  Mn    0     0     0        3.531
  1  Cu    0.75  0.75  0.75     0.021
  2  Ni    0.25  0.25  0.25     0.239
  3  Sn    0.5   0.5   0.5     -0.064",0.010681739
mp-1426,"Full Formula (Sm2 Fe17)
Reduced Formula: Sm2Fe17
abc   :   6.438282   6.438282   6.438283
angles:  82.951005  82.951005  82.951007
pbc   :       True       True       True
Sites (19)
  #  SP           a         b         c    magmom
---  ----  --------  --------  --------  --------
  0  Sm    0.65881   0.65881   0.65881     -0.01
  1  Sm    0.34119   0.34119   0.34119     -0.01
  2  Fe    0         0         0.5          0.057
  3  Fe    0.5       0         0            0.028
  4  Fe    0         0.5       0            0.047
  5  Fe    0.708693  0.291307  0            0.163
  6  Fe    0         0.708693  0.291307     0.145
  7  Fe    0.291307  0         0.708693     0.137
  8  Fe    0         0.291307  0.708693     0.145
  9  Fe    0.708693  0         0.291307     0.137
 10  Fe    0.291307  0.708693  0            0.163
 11  Fe    0.34279   0.34279   0.845362     0.311
 12  Fe    0.845362  0.34279   0.34279      0.322
 13  Fe    0.34279   0.845362  0.34279      0.348
 14  Fe    0.65721   0.65721   0.154638     0.311
 15  Fe    0.154638  0.65721   0.65721      0.322
 16  Fe    0.65721   0.154638  0.65721      0.348
 17  Fe    0.903488  0.903488  0.903488     0.381
 18  Fe    0.096512  0.096512  0.096512     0.381",0.010807176
mp-1220091,"Full Formula (Nd1 Sm1 Fe17)
Reduced Formula: NdSmFe17
abc   :   6.455516   6.455516   6.455516
angles:  83.029774  83.029774  83.029782
pbc   :       True       True       True
Sites (19)
  #  SP           a         b         c    magmom
---  ----  --------  --------  --------  --------
  0  Nd    0.341703  0.341703  0.341703    -0
  1  Sm    0.658718  0.658718  0.658718     0.001
  2  Fe    0.29053   0.999569  0.709867    -0.016
  3  Fe    0.999569  0.709867  0.29053     -0.017
  4  Fe    0.709867  0.29053   0.999569    -0.011
  5  Fe    0.999569  0.29053   0.709867    -0.02
  6  Fe    0.29053   0.709867  0.999569    -0.012
  7  Fe    0.709867  0.999569  0.29053     -0.013
  8  Fe    0.999716  0.500129  0.999716     0.023
  9  Fe    0.500129  0.999716  0.999716     0.004
 10  Fe    0.999716  0.999716  0.500129     0.027
 11  Fe    0.096713  0.096713  0.096713     0.046
 12  Fe    0.902909  0.902909  0.902909    -0.076
 13  Fe    0.657565  0.154519  0.657565    -0.022
 14  Fe    0.154519  0.657565  0.657565    -0.03
 15  Fe    0.657565  0.657565  0.154519    -0.023
 16  Fe    0.342793  0.845227  0.342793     0.008
 17  Fe    0.845227  0.342793  0.342793     0.008
 18  Fe    0.342793  0.342793  0.845227     0.01",8.68E-05
mp-1510,"Full Formula (Nd2 Fe17)
Reduced Formula: Nd2Fe17
abc   :   6.467971   6.467971   6.467972
angles:  83.133890  83.133890  83.133898
pbc   :       True       True       True
Sites (19)
  #  SP           a         b         c    magmom
---  ----  --------  --------  --------  --------
  0  Nd    0.65809   0.65809   0.65809      0.001
  1  Nd    0.34191   0.34191   0.34191      0.001
  2  Fe    0         0         0.5          0.067
  3  Fe    0.5       0         0            0.072
  4  Fe    0         0.5       0            0.056
  5  Fe    0.710555  0.289445  0           -0.008
  6  Fe    0         0.710555  0.289445    -0.005
  7  Fe    0.289445  0         0.710555     0.001
  8  Fe    0         0.289445  0.710555    -0.005
  9  Fe    0.710555  0         0.289445     0.001
 10  Fe    0.289445  0.710555  0           -0.008
 11  Fe    0.341364  0.341364  0.846089     0.003
 12  Fe    0.846089  0.341364  0.341364    -0.001
 13  Fe    0.341364  0.846089  0.341364    -0.003
 14  Fe    0.658636  0.658636  0.153911     0.003
 15  Fe    0.153911  0.658636  0.658636    -0.001
 16  Fe    0.658636  0.153911  0.658636    -0.003
 17  Fe    0.902996  0.902996  0.902996    -0.015
 18  Fe    0.097004  0.097004  0.097004    -0.015",0.000289388
mp-1219235,"Full Formula (Sm2 Fe17 N2)
Reduced Formula: Sm2Fe17N2
abc   :   6.494061   6.494061   6.538451
angles:  83.755733  83.755733  83.493184
pbc   :       True       True       True
Sites (21)
  #  SP           a         b         c    magmom
---  ----  --------  --------  --------  --------
  0  Sm    0.6581    0.6581    0.657575    -0.002
  1  Sm    0.3419    0.3419    0.342425    -0.002
  2  Fe    0.285062  0.714938  0            0.031
  3  Fe    0.71609   0.000315  0.282815     0.02
  4  Fe    0.999685  0.28391   0.717185     0.032
  5  Fe    0.28391   0.999685  0.717185     0.02
  6  Fe    0.000315  0.71609   0.282815     0.032
  7  Fe    0.714938  0.285062  0            0.031
  8  Fe    0         0         0.5         -0.064
  9  Fe    0         0.5       0           -0.172
 10  Fe    0.5       0         0            0.039
 11  Fe    0.34506   0.34506   0.856873     0.024
 12  Fe    0.343891  0.853535  0.338918    -0.016
 13  Fe    0.853535  0.343891  0.338918     0.015
 14  Fe    0.65494   0.65494   0.143127     0.024
 15  Fe    0.656109  0.146465  0.661082    -0.016
 16  Fe    0.146465  0.656109  0.661082     0.015
 17  Fe    0.904277  0.904277  0.906139    -0.036
 18  Fe    0.095723  0.095723  0.093861    -0.036
 19  N     0.5       0         0.5         -0.002
 20  N     0         0.5       0.5         -0.002",3.66E-05
mp-16085,"Full Formula (Nd6 Co58 Si8 B20)
Reduced Formula: Nd3Co29(Si2B5)2
abc   :  11.177082  11.177082   7.851189
angles:  90.000000  90.000000  90.000000
pbc   :       True       True       True
Sites (92)
  #  SP           a         b         c    magmom
---  ----  --------  --------  --------  --------
  0  Nd    0.25      0.75      0           -0
  1  Nd    0.25      0.25      0           -0
  2  Nd    0.75      0.75      0           -0
  3  Nd    0.75      0.25      0           -0
  4  Nd    0         0         0.5         -0.002
  5  Nd    0.5       0.5       0.5         -0.002
  6  Co    0.338218  0.675014  0.337214     0.013
  7  Co    0.274561  0         0.525328     0.055
  8  Co    0.5       0.774561  0.525328     0.046
  9  Co    0.5       0.225439  0.525328     0.046
 10  Co    0.836351  0.5       0.971549    -0.021
 11  Co    0         0.663649  0.971549    -0.014
 12  Co    0         0.336351  0.971549    -0.014
 13  Co    0.163649  0.5       0.971549    -0.02
 14  Co    0.663649  0         0.028451    -0.021
 15  Co    0.336351  0         0.028451    -0.02
 16  Co    0.5       0.836351  0.028451    -0.013
 17  Co    0.5       0.163649  0.028451    -0.013
 18  Co    0.886225  0.386225  0.252453     0.035
 19  Co    0.886225  0.613775  0.252453     0.035
 20  Co    0.113775  0.386225  0.252453     0.035
 21  Co    0.113775  0.613775  0.252453     0.034
 22  Co    0.613775  0.886225  0.747547     0.035
 23  Co    0.386225  0.113775  0.747547     0.035
 24  Co    0.386225  0.886225  0.747547     0.035
 25  Co    0.613775  0.113775  0.747547     0.035
 26  Co    0.890534  0.390534  0.698229     0.01
 27  Co    0.890534  0.609466  0.698229     0.01
 28  Co    0.109466  0.390534  0.698229     0.011
 29  Co    0.109466  0.609466  0.698229     0.011
 30  Co    0.609466  0.890534  0.301771     0.011
 31  Co    0.390534  0.109466  0.301771     0.011
 32  Co    0.390534  0.890534  0.301771     0.011
 33  Co    0.609466  0.109466  0.301771     0.01
 34  Co    0.338218  0.324986  0.337214     0.013
 35  Co    0.824986  0.161782  0.337214     0.013
 36  Co    0.175014  0.838218  0.337214     0.013
 37  Co    0.661782  0.675014  0.337214     0.013
 38  Co    0.161782  0.824986  0.662786     0.013
 39  Co    0.838218  0.175014  0.662786     0.014
 40  Co    0.324986  0.338218  0.662786     0.013
 41  Co    0.610241  0.5       0.888909    -0.003
 42  Co    0.161782  0.175014  0.662786     0.013
 43  Co    0.675014  0.338218  0.662786     0.013
 44  Co    0.324986  0.661782  0.662786     0.013
 45  Co    0.838218  0.824986  0.662786     0.014
 46  Co    0.725439  0         0.525328     0.055
 47  Co    0         0.889759  0.888909     0
 48  Co    0.175014  0.161782  0.337214     0.013
 49  Co    0.824986  0.838218  0.337214     0.013
 50  Co    0         0.110241  0.888909     0
 51  Co    0.389759  0.5       0.888909    -0.002
 52  Co    0.5       0         0.531222    -0.033
 53  Co    0         0.5       0.468778    -0.03
 54  Co    0.110241  0         0.111091    -0.003
 55  Co    0.225439  0.5       0.474672     0.056
 56  Co    0         0.274561  0.474672     0.047
 57  Co    0         0.725439  0.474672     0.047
 58  Co    0.774561  0.5       0.474672     0.056
 59  Co    0.5       0.610241  0.111091     0
 60  Co    0.5       0.389759  0.111091     0
 61  Co    0.889759  0         0.111091    -0.003
 62  Co    0.675014  0.661782  0.662786     0.013
 63  Co    0.661782  0.324986  0.337214     0.013
 64  Si    0.5       0.681487  0.824215     0
 65  Si    0.318513  0.5       0.175785     0
 66  Si    0         0.181487  0.175785     0
 67  Si    0         0.818513  0.175785     0
 68  Si    0.681487  0.5       0.175785     0
 69  Si    0.181487  0         0.824215     0
 70  Si    0.818513  0         0.824215     0
 71  Si    0.5       0.318513  0.824215     0
 72  B     0.686179  0.186179  0.517668    -0.001
 73  B     0.313821  0.813821  0.517668    -0.001
 74  B     0.313821  0.186179  0.517668    -0.001
 75  B     0.686179  0.813821  0.517668    -0.001
 76  B     0.186179  0.686179  0.482332    -0.001
 77  B     0.186179  0.313821  0.482332    -0.001
 78  B     0.5       0.25587   0.261928    -0
 79  B     0.5       0.74413   0.261928    -0
 80  B     0.24413   0         0.261928     0
 81  B     0.75587   0         0.261928     0
 82  B     0.25587   0.5       0.738072     0
 83  B     0         0.24413   0.738072    -0
 84  B     0         0.75587   0.738072    -0
 85  B     0.74413   0.5       0.738072     0
 86  B     0.5       0         0.148547     0.001
 87  B     0         0.5       0.851453     0.001
 88  B     0.5       0         0.893116     0
 89  B     0         0.5       0.106884     0
 90  B     0.813821  0.686179  0.482332    -0.001
 91  B     0.813821  0.313821  0.482332    -0.001",7.92E-05
mp-16086,"Full Formula (Sm6 Co58 Si8 B20)
Reduced Formula: Sm3Co29(Si2B5)2
abc   :  11.157999  11.157999   7.838920
angles:  90.000000  90.000000  90.000000
pbc   :       True       True       True
Sites (92)
  #  SP           a         b         c    magmom
---  ----  --------  --------  --------  --------
  0  Sm    0.25      0.75      0            0
  1  Sm    0.25      0.25      0            0
  2  Sm    0.75      0.75      0            0
  3  Sm    0.75      0.25      0            0
  4  Sm    0         0         0.5          0.004
  5  Sm    0.5       0.5       0.5          0.004
  6  Co    0.338312  0.674615  0.336975    -0.036
  7  Co    0.273491  0         0.525689    -0.033
  8  Co    0.5       0.773491  0.525689    -0.031
  9  Co    0.5       0.226509  0.525689    -0.031
 10  Co    0.835738  0.5       0.971095     0.039
 11  Co    0         0.664262  0.971095     0.039
 12  Co    0         0.335738  0.971095     0.039
 13  Co    0.164262  0.5       0.971095     0.039
 14  Co    0.664262  0         0.028905     0.039
 15  Co    0.335738  0         0.028905     0.039
 16  Co    0.5       0.835738  0.028905     0.039
 17  Co    0.5       0.164262  0.028905     0.039
 18  Co    0.885478  0.385478  0.25133      0.009
 19  Co    0.885478  0.614522  0.25133      0.009
 20  Co    0.114522  0.385478  0.25133      0.009
 21  Co    0.114522  0.614522  0.25133      0.009
 22  Co    0.614522  0.885478  0.74867      0.009
 23  Co    0.385478  0.114522  0.74867      0.009
 24  Co    0.385478  0.885478  0.74867      0.009
 25  Co    0.614522  0.114522  0.74867      0.009
 26  Co    0.890306  0.390306  0.698277     0.007
 27  Co    0.890306  0.609694  0.698277     0.007
 28  Co    0.109694  0.390306  0.698277     0.007
 29  Co    0.109694  0.609694  0.698277     0.007
 30  Co    0.609694  0.890306  0.301723     0.007
 31  Co    0.390306  0.109694  0.301723     0.007
 32  Co    0.390306  0.890306  0.301723     0.007
 33  Co    0.609694  0.109694  0.301723     0.007
 34  Co    0.338312  0.325385  0.336975    -0.036
 35  Co    0.825385  0.161688  0.336975    -0.035
 36  Co    0.174615  0.838312  0.336975    -0.035
 37  Co    0.661688  0.674615  0.336975    -0.036
 38  Co    0.161688  0.825385  0.663025    -0.036
 39  Co    0.838312  0.174615  0.663025    -0.037
 40  Co    0.325385  0.338312  0.663025    -0.035
 41  Co    0.610122  0.5       0.888728    -0.02
 42  Co    0.161688  0.174615  0.663025    -0.036
 43  Co    0.674615  0.338312  0.663025    -0.035
 44  Co    0.325385  0.661688  0.663025    -0.035
 45  Co    0.838312  0.825385  0.663025    -0.037
 46  Co    0.726509  0         0.525689    -0.033
 47  Co    0         0.889878  0.888728    -0.024
 48  Co    0.174615  0.161688  0.336975    -0.035
 49  Co    0.825385  0.838312  0.336975    -0.035
 50  Co    0         0.110122  0.888728    -0.024
 51  Co    0.389878  0.5       0.888728    -0.02
 52  Co    0.5       0         0.53214      0.091
 53  Co    0         0.5       0.46786      0.09
 54  Co    0.110122  0         0.111272    -0.02
 55  Co    0.226509  0.5       0.474311    -0.033
 56  Co    0         0.273491  0.474311    -0.031
 57  Co    0         0.726509  0.474311    -0.031
 58  Co    0.773491  0.5       0.474311    -0.033
 59  Co    0.5       0.610122  0.111272    -0.024
 60  Co    0.5       0.389878  0.111272    -0.024
 61  Co    0.889878  0         0.111272    -0.02
 62  Co    0.674615  0.661688  0.663025    -0.035
 63  Co    0.661688  0.325385  0.336975    -0.036
 64  Si    0.5       0.68178   0.824489     0.001
 65  Si    0.31822   0.5       0.175511     0.001
 66  Si    0         0.18178   0.175511     0.001
 67  Si    0         0.81822   0.175511     0.001
 68  Si    0.68178   0.5       0.175511     0.001
 69  Si    0.18178   0         0.824489     0.001
 70  Si    0.81822   0         0.824489     0.001
 71  Si    0.5       0.31822   0.824489     0.001
 72  B     0.686039  0.186039  0.517777     0.001
 73  B     0.313961  0.813961  0.517777     0.001
 74  B     0.313961  0.186039  0.517777     0.001
 75  B     0.686039  0.813961  0.517777     0.001
 76  B     0.186039  0.686039  0.482223     0.001
 77  B     0.186039  0.313961  0.482223     0.001
 78  B     0.5       0.256021  0.262501     0.001
 79  B     0.5       0.743979  0.262501     0.001
 80  B     0.243979  0         0.262501     0.001
 81  B     0.756021  0         0.262501     0.001
 82  B     0.256021  0.5       0.737499     0.001
 83  B     0         0.243979  0.737499     0.001
 84  B     0         0.756021  0.737499     0.001
 85  B     0.743979  0.5       0.737499     0.001
 86  B     0.5       0         0.148187    -0.001
 87  B     0         0.5       0.851813    -0.001
 88  B     0.5       0         0.892989    -0.002
 89  B     0         0.5       0.107011    -0.002
 90  B     0.813961  0.686039  0.482223     0.001
 91  B     0.813961  0.313961  0.482223     0.001",2.16E-05
mp-16088,"Full Formula (Tb6 Co58 Si8 B20)
Reduced Formula: Tb3Co29(Si2B5)2
abc   :  11.128217  11.128217   7.819316
angles:  90.000000  90.000000  90.000000
pbc   :       True       True       True
Sites (92)
  #  SP           a         b         c    magmom
---  ----  --------  --------  --------  --------
  0  Tb    0.25      0.75      0           -0.001
  1  Tb    0.25      0.25      0           -0.001
  2  Tb    0.75      0.75      0           -0.001
  3  Tb    0.75      0.25      0           -0.001
  4  Tb    0         0         0.5         -0.001
  5  Tb    0.5       0.5       0.5         -0.001
  6  Co    0.338458  0.674362  0.336522     0.005
  7  Co    0.272497  0         0.526156     0.015
  8  Co    0.5       0.772497  0.526156     0.009
  9  Co    0.5       0.227503  0.526156     0.009
 10  Co    0.835389  0.5       0.970672     0.026
 11  Co    0         0.664611  0.970672     0.028
 12  Co    0         0.335389  0.970672     0.028
 13  Co    0.164611  0.5       0.970672     0.026
 14  Co    0.664611  0         0.029328     0.026
 15  Co    0.335389  0         0.029328     0.026
 16  Co    0.5       0.835389  0.029328     0.027
 17  Co    0.5       0.164611  0.029328     0.027
 18  Co    0.88461   0.38461   0.24958      0.021
 19  Co    0.88461   0.61539   0.24958      0.02
 20  Co    0.11539   0.38461   0.24958      0.02
 21  Co    0.11539   0.61539   0.24958      0.021
 22  Co    0.61539   0.88461   0.75042      0.02
 23  Co    0.38461   0.11539   0.75042      0.02
 24  Co    0.38461   0.88461   0.75042      0.02
 25  Co    0.61539   0.11539   0.75042      0.02
 26  Co    0.890035  0.390035  0.698514     0.018
 27  Co    0.890035  0.609965  0.698514     0.017
 28  Co    0.109965  0.390035  0.698514     0.017
 29  Co    0.109965  0.609965  0.698514     0.018
 30  Co    0.609965  0.890035  0.301486     0.017
 31  Co    0.390035  0.109965  0.301486     0.017
 32  Co    0.390035  0.890035  0.301486     0.018
 33  Co    0.609965  0.109965  0.301486     0.018
 34  Co    0.338458  0.325638  0.336522     0.005
 35  Co    0.825638  0.161542  0.336522     0.004
 36  Co    0.174362  0.838458  0.336522     0.004
 37  Co    0.661542  0.674362  0.336522     0.004
 38  Co    0.161542  0.825638  0.663478     0.005
 39  Co    0.838458  0.174362  0.663478     0.005
 40  Co    0.325638  0.338458  0.663478     0.004
 41  Co    0.610155  0.5       0.88867      0.003
 42  Co    0.161542  0.174362  0.663478     0.005
 43  Co    0.674362  0.338458  0.663478     0.004
 44  Co    0.325638  0.661542  0.663478     0.004
 45  Co    0.838458  0.825638  0.663478     0.004
 46  Co    0.727503  0         0.526156     0.015
 47  Co    0         0.889845  0.88867      0.002
 48  Co    0.174362  0.161542  0.336522     0.004
 49  Co    0.825638  0.838458  0.336522     0.004
 50  Co    0         0.110155  0.88867      0.002
 51  Co    0.389845  0.5       0.88867      0.002
 52  Co    0.5       0         0.533306     0.072
 53  Co    0         0.5       0.466694     0.07
 54  Co    0.110155  0         0.11133      0.003
 55  Co    0.227503  0.5       0.473844     0.014
 56  Co    0         0.272497  0.473844     0.009
 57  Co    0         0.727503  0.473844     0.009
 58  Co    0.772497  0.5       0.473844     0.014
 59  Co    0.5       0.610155  0.11133      0.001
 60  Co    0.5       0.389845  0.11133      0.001
 61  Co    0.889845  0         0.11133      0.003
 62  Co    0.674362  0.661542  0.663478     0.004
 63  Co    0.661542  0.325638  0.336522     0.005
 64  Si    0.5       0.682212  0.824656    -0
 65  Si    0.317788  0.5       0.175344    -0
 66  Si    0         0.182212  0.175344    -0
 67  Si    0         0.817788  0.175344    -0
 68  Si    0.682212  0.5       0.175344    -0
 69  Si    0.182212  0         0.824656    -0
 70  Si    0.817788  0         0.824656    -0
 71  Si    0.5       0.317788  0.824656    -0
 72  B     0.685914  0.185914  0.518124    -0
 73  B     0.314086  0.814086  0.518124    -0
 74  B     0.314086  0.185914  0.518124    -0
 75  B     0.685914  0.814086  0.518124    -0
 76  B     0.185914  0.685914  0.481876    -0
 77  B     0.185914  0.314086  0.481876    -0
 78  B     0.5       0.256097  0.263244    -0
 79  B     0.5       0.743903  0.263244    -0
 80  B     0.243903  0         0.263244    -0
 81  B     0.756097  0         0.263244    -0
 82  B     0.256097  0.5       0.736756    -0
 83  B     0         0.243903  0.736756    -0
 84  B     0         0.756097  0.736756    -0
 85  B     0.743903  0.5       0.736756    -0
 86  B     0.5       0         0.1486       0
 87  B     0         0.5       0.8514       0
 88  B     0.5       0         0.892769     0
 89  B     0         0.5       0.107231     0
 90  B     0.814086  0.685914  0.481876    -0
 91  B     0.814086  0.314086  0.481876    -0",8.31E-05
mp-19861,"Full Formula (La4 Cr4 Sb12)
Reduced Formula: LaCrSb3
abc   :   6.163661   6.272265  13.424956
angles:  90.000000  90.000000  90.000000
pbc   :       True       True       True
Sites (20)
  #  SP       a         b         c    magmom
---  ----  ----  --------  --------  --------
  0  La    0.75  0.994215  0.307302    -0.008
  1  La    0.25  0.005785  0.692698    -0.008
  2  La    0.25  0.505785  0.307302    -0.008
  3  La    0.75  0.494215  0.692698    -0.008
  4  Cr    0.5   0.75      0.911197     2.549
  5  Cr    0     0.25      0.088803     2.519
  6  Cr    0.5   0.25      0.088803     2.547
  7  Cr    0     0.75      0.911197     2.521
  8  Sb    0.75  0.900288  0.062427    -0.131
  9  Sb    0.25  0.099712  0.937573    -0.13
 10  Sb    0.25  0.599712  0.062427    -0.13
 11  Sb    0.75  0.400288  0.937573    -0.131
 12  Sb    0.75  0.494756  0.214626    -0.082
 13  Sb    0.25  0.505244  0.785374    -0.082
 14  Sb    0.25  0.005244  0.214626    -0.082
 15  Sb    0.75  0.994756  0.785374    -0.082
 16  Sb    0.5   0.75      0.501249     0.012
 17  Sb    0     0.25      0.498751     0.009
 18  Sb    0.5   0.25      0.498751     0.011
 19  Sb    0     0.75      0.501249     0.009",0.004571706
mp-20084,"Full Formula (Gd2 Rh4)
Reduced Formula: GdRh2
abc   :   5.372296   5.372296   5.372296
angles:  60.000000  60.000000  60.000000
pbc   :       True       True       True
Sites (6)
  #  SP        a      b      c    magmom
---  ----  -----  -----  -----  --------
  0  Gd    0      0      0         6.969
  1  Gd    0.25   0.25   0.25      6.969
  2  Rh    0.625  0.625  0.625    -0.049
  3  Rh    0.125  0.625  0.625    -0.093
  4  Rh    0.625  0.125  0.625    -0.054
  5  Rh    0.625  0.625  0.125    -0.044",0.064037762
mp-20249,"Full Formula (Mn4 Co4 P4)
Reduced Formula: MnCoP
abc   :   3.453390   5.881947   6.673311
angles:  90.000000  90.000000  90.000000
pbc   :       True       True       True
Sites (12)
  #  SP       a         b         c    magmom
---  ----  ----  --------  --------  --------
  0  Mn    0.75  0.027921  0.667635     0.053
  1  Mn    0.25  0.972079  0.332365     0.052
  2  Mn    0.75  0.527921  0.832365     0.065
  3  Mn    0.25  0.472079  0.167635     0.065
  4  Co    0.25  0.35768   0.565213     0.284
  5  Co    0.75  0.64232   0.434787     0.285
  6  Co    0.25  0.85768   0.934787     0.285
  7  Co    0.75  0.14232   0.065213     0.286
  8  P     0.25  0.733794  0.625937    -0.008
  9  P     0.75  0.266206  0.374063    -0.008
 10  P     0.25  0.233794  0.874063    -0.008
 11  P     0.75  0.766206  0.125937    -0.008",0.002366289
mp-610530,"Full Formula (Gd1 Co2 B2)
Reduced Formula: Gd(CoB)2
abc   :   5.397414   5.397414   5.397414
angles: 141.530111 141.530111  55.537244
pbc   :       True       True       True
Sites (5)
  #  SP           a         b    c    magmom
---  ----  --------  --------  ---  --------
  0  Gd    0         0         0       6.938
  1  Co    0.75      0.25      0.5    -0.029
  2  Co    0.25      0.75      0.5    -0.029
  3  B     0.344752  0.344752  0      -0.014
  4  B     0.655248  0.655248  0      -0.014",0.115644574
mp-21078,"Full Formula (Fe6 Ge2)
Reduced Formula: Fe3Ge
abc   :   5.147196   5.147196   4.218313
angles:  90.000000  90.000000 119.999994
pbc   :       True       True       True
Sites (8)
  #  SP           a         b     c    magmom
---  ----  --------  --------  ----  --------
  0  Fe    0.837482  0.162518  0.25     2.222
  1  Fe    0.837482  0.674964  0.25     2.196
  2  Fe    0.325036  0.162518  0.25     2.167
  3  Fe    0.162518  0.837482  0.75     2.222
  4  Fe    0.162518  0.325036  0.75     2.196
  5  Fe    0.674964  0.837482  0.75     2.167
  6  Ge    0.333333  0.666667  0.25    -0.139
  7  Ge    0.666667  0.333333  0.75    -0.139",0.066560305
mp-6084,"Full Formula (La6 Co58 Si8 B20)
Reduced Formula: La3Co29(Si2B5)2
abc   :  11.205842  11.205842   7.865218
angles:  90.000000  90.000000  90.000000
pbc   :       True       True       True
Sites (92)
  #  SP           a         b         c    magmom
---  ----  --------  --------  --------  --------
  0  La    0.25      0.75      0           -0
  1  La    0.25      0.25      0           -0
  2  La    0.75      0.75      0           -0
  3  La    0.75      0.25      0           -0
  4  La    0         0         0.5          0.001
  5  La    0.5       0.5       0.5          0.001
  6  Co    0.825101  0.838255  0.337277    -0.029
  7  Co    0.174899  0.161745  0.337277    -0.029
  8  Co    0.661745  0.325101  0.337277    -0.032
  9  Co    0.338255  0.674899  0.337277    -0.031
 10  Co    0.838255  0.825101  0.662723    -0.031
 11  Co    0.325101  0.661745  0.662723    -0.029
 12  Co    0.674899  0.338255  0.662723    -0.029
 13  Co    0.161745  0.174899  0.662723    -0.031
 14  Co    0.674899  0.661745  0.662723    -0.029
 15  Co    0.325101  0.338255  0.662723    -0.03
 16  Co    0.838255  0.174899  0.662723    -0.031
 17  Co    0.161745  0.825101  0.662723    -0.031
 18  Co    0.661745  0.674899  0.337277    -0.031
 19  Co    0.174899  0.838255  0.337277    -0.029
 20  Co    0.825101  0.161745  0.337277    -0.029
 21  Co    0.338255  0.325101  0.337277    -0.031
 22  Co    0.609032  0.109032  0.30266      0.011
 23  Co    0.390968  0.890968  0.30266      0.011
 24  Co    0.390968  0.109032  0.30266      0.011
 25  Co    0.609032  0.890968  0.30266      0.011
 26  Co    0.109032  0.609032  0.69734      0.012
 27  Co    0.109032  0.390968  0.69734      0.012
 28  Co    0.890968  0.609032  0.69734      0.012
 29  Co    0.890968  0.390968  0.69734      0.012
 30  Co    0.613607  0.113607  0.746711    -0.007
 31  Co    0.386393  0.886393  0.746711    -0.007
 32  Co    0.386393  0.113607  0.746711    -0.007
 33  Co    0.613607  0.886393  0.746711    -0.007
 34  Co    0.113607  0.613607  0.253289    -0.006
 35  Co    0.113607  0.386393  0.253289    -0.006
 36  Co    0.886393  0.613607  0.253289    -0.006
 37  Co    0.886393  0.386393  0.253289    -0.006
 38  Co    0.5       0.163874  0.028149     0.015
 39  Co    0.5       0.836126  0.028149     0.015
 40  Co    0.336126  0         0.028149     0.011
 41  Co    0.663874  0         0.028149     0.011
 42  Co    0.163874  0.5       0.971851     0.011
 43  Co    0         0.336126  0.971851     0.016
 44  Co    0         0.663874  0.971851     0.016
 45  Co    0.836126  0.5       0.971851     0.011
 46  Co    0.5       0.224784  0.525111    -0.054
 47  Co    0.5       0.775216  0.525111    -0.054
 48  Co    0.275216  0         0.525111    -0.066
 49  Co    0.724784  0         0.525111    -0.066
 50  Co    0.224784  0.5       0.474889    -0.066
 51  Co    0         0.275216  0.474889    -0.052
 52  Co    0         0.724784  0.474889    -0.052
 53  Co    0.775216  0.5       0.474889    -0.066
 54  Co    0.5       0.610092  0.110943    -0.017
 55  Co    0.5       0.389908  0.110943    -0.017
 56  Co    0.889908  0         0.110943    -0.016
 57  Co    0.110092  0         0.110943    -0.016
 58  Co    0.610092  0.5       0.889057    -0.016
 59  Co    0         0.889908  0.889057    -0.017
 60  Co    0         0.110092  0.889057    -0.017
 61  Co    0.389908  0.5       0.889057    -0.016
 62  Co    0.5       0         0.531642    -0.087
 63  Co    0         0.5       0.468358    -0.085
 64  Si    0.5       0.680673  0.824444     0
 65  Si    0.5       0.319327  0.824444     0
 66  Si    0.819327  0         0.824444    -0
 67  Si    0.180673  0         0.824444    -0
 68  Si    0.680673  0.5       0.175556    -0
 69  Si    0         0.819327  0.175556     0
 70  Si    0         0.180673  0.175556     0
 71  Si    0.319327  0.5       0.175556    -0
 72  B     0.686323  0.186323  0.517312     0
 73  B     0.313677  0.813677  0.517312     0
 74  B     0.313677  0.186323  0.517312     0
 75  B     0.686323  0.813677  0.517312     0
 76  B     0.186323  0.686323  0.482688     0
 77  B     0.186323  0.313677  0.482688     0
 78  B     0.813677  0.686323  0.482688     0
 79  B     0.813677  0.313677  0.482688     0
 80  B     0.5       0.255862  0.260977     0
 81  B     0.5       0.744138  0.260977     0
 82  B     0.244138  0         0.260977    -0
 83  B     0.755862  0         0.260977    -0
 84  B     0.255862  0.5       0.739023    -0
 85  B     0         0.244138  0.739023     0
 86  B     0         0.755862  0.739023     0
 87  B     0.744138  0.5       0.739023    -0
 88  B     0.5       0         0.893277    -0.003
 89  B     0         0.5       0.106723    -0.003
 90  B     0.5       0         0.147429    -0.002
 91  B     0         0.5       0.852571    -0.003",0.000113342
mp-1216148,"Full Formula (Y1 Al6 Fe6)
Reduced Formula: Y(AlFe)6
abc   :   5.011178   6.558599   6.558599
angles:  99.225195 112.459551  67.540449
pbc   :       True       True       True
Sites (13)
  #  SP           a         b         c    magmom
---  ----  --------  --------  --------  --------
  0  Y     0         0         0           -0.151
  1  Al    0.653651  0.346349  0.653651    -0.035
  2  Al    0.346349  0.653651  0.346349    -0.035
  3  Al    0         0.337293  0.337293    -0.027
  4  Al    0         0.662707  0.662707    -0.027
  5  Al    0.692143  0.807857  0.192143    -0.036
  6  Al    0.307857  0.192143  0.807857    -0.036
  7  Fe    0.5       0         0.5          1.872
  8  Fe    0         0         0.5          1.855
  9  Fe    0.5       0.5       0            1.867
 10  Fe    0         0.5       0            1.838
 11  Fe    0.5       0.759797  0.759797     1.944
 12  Fe    0.5       0.240203  0.240203     1.944",0.057880813
mp-1189397,"Full Formula (Pr1 Fe4 As12)
Reduced Formula: Pr(FeAs3)4
abc   :   7.259217   7.259217   7.259217
angles: 109.471221 109.471221 109.471221
pbc   :       True       True       True
Sites (17)
  #  SP           a         b         c    magmom
---  ----  --------  --------  --------  --------
  0  Pr    0         0         0           -0.04
  1  Fe    0         0         0.5          0.285
  2  Fe    0.5       0         0            0.263
  3  Fe    0         0.5       0            0.218
  4  Fe    0.5       0.5       0.5          0.303
  5  As    0.342681  0.185988  0.843307    -0.007
  6  As    0.657319  0.814012  0.156693    -0.007
  7  As    0.657319  0.500626  0.843307    -0.006
  8  As    0.342681  0.499374  0.156693    -0.006
  9  As    0.185988  0.843307  0.342681    -0.007
 10  As    0.814012  0.156693  0.657319    -0.007
 11  As    0.500626  0.843307  0.657319    -0.006
 12  As    0.499374  0.156693  0.342681    -0.006
 13  As    0.843307  0.342681  0.185988    -0.002
 14  As    0.156693  0.657319  0.814012    -0.002
 15  As    0.843307  0.657319  0.500626    -0.001
 16  As    0.156693  0.342681  0.499374    -0.001",0.003156381
mp-4164,"Full Formula (Nd8 Co56 B4)
Reduced Formula: Nd2Co14B
abc   :   8.604973   8.604973  11.831542
angles:  90.000000  90.000000  90.000000
pbc   :       True       True       True
Sites (68)
  #  SP           a         b         c    magmom
---  ----  --------  --------  --------  --------
  0  Nd    0.275727  0.275727  0           -0.002
  1  Nd    0.224273  0.775727  0.5         -0.002
  2  Nd    0.775727  0.224273  0.5         -0.002
  3  Nd    0.724273  0.724273  0           -0.002
  4  Nd    0.145353  0.854647  0           -0.001
  5  Nd    0.645353  0.645353  0.5         -0.001
  6  Nd    0.354647  0.354647  0.5         -0.001
  7  Nd    0.854647  0.145353  0           -0.001
  8  Co    0         0.5       0           -0.005
  9  Co    0         0.5       0.5         -0.009
 10  Co    0.5       0         0.5         -0.008
 11  Co    0.5       0         0           -0.005
 12  Co    0         0         0.616491     0.105
 13  Co    0.5       0.5       0.116491     0.099
 14  Co    0.5       0.5       0.883509     0.099
 15  Co    0         0         0.383509     0.106
 16  Co    0.317946  0.317946  0.247201     0.001
 17  Co    0.182054  0.817946  0.747201     0.01
 18  Co    0.817946  0.182054  0.747201     0.01
 19  Co    0.817946  0.182054  0.252799     0.01
 20  Co    0.182054  0.817946  0.252799     0.011
 21  Co    0.682054  0.682054  0.247201     0.001
 22  Co    0.317946  0.317946  0.752799     0
 23  Co    0.682054  0.682054  0.752799     0
 24  Co    0.098693  0.098693  0.206174     0.026
 25  Co    0.401307  0.598693  0.706174     0.025
 26  Co    0.598693  0.401307  0.706174     0.025
 27  Co    0.598693  0.401307  0.293826     0.025
 28  Co    0.401307  0.598693  0.293826     0.025
 29  Co    0.901307  0.901307  0.206174     0.026
 30  Co    0.098693  0.098693  0.793826     0.026
 31  Co    0.901307  0.901307  0.793826     0.026
 32  Co    0.036032  0.360492  0.178935    -0.004
 33  Co    0.139508  0.536032  0.678935    -0.011
 34  Co    0.860492  0.463968  0.678935    -0.01
 35  Co    0.536032  0.139508  0.321065    -0.007
 36  Co    0.463968  0.860492  0.321065    -0.008
 37  Co    0.963968  0.639508  0.178935    -0.003
 38  Co    0.360492  0.036032  0.821065    -0.007
 39  Co    0.639508  0.963968  0.821065    -0.006
 40  Co    0.963968  0.639508  0.821065    -0.005
 41  Co    0.860492  0.463968  0.321065    -0.01
 42  Co    0.139508  0.536032  0.321065    -0.009
 43  Co    0.463968  0.860492  0.678935    -0.007
 44  Co    0.536032  0.139508  0.678935    -0.008
 45  Co    0.036032  0.360492  0.821065    -0.003
 46  Co    0.639508  0.963968  0.178935    -0.006
 47  Co    0.360492  0.036032  0.178935    -0.005
 48  Co    0.224623  0.569502  0.127415     0.012
 49  Co    0.930498  0.724623  0.627415     0.009
 50  Co    0.069502  0.275377  0.627415     0.008
 51  Co    0.724623  0.930498  0.372585     0.008
 52  Co    0.275377  0.069502  0.372585     0.009
 53  Co    0.775377  0.430498  0.127415     0.011
 54  Co    0.569502  0.224623  0.872585     0.012
 55  Co    0.430498  0.775377  0.872585     0.011
 56  Co    0.775377  0.430498  0.872585     0.012
 57  Co    0.069502  0.275377  0.372585     0.009
 58  Co    0.930498  0.724623  0.372585     0.009
 59  Co    0.275377  0.069502  0.627415     0.008
 60  Co    0.724623  0.930498  0.627415     0.009
 61  Co    0.224623  0.569502  0.872585     0.011
 62  Co    0.430498  0.775377  0.127415     0.012
 63  Co    0.569502  0.224623  0.127415     0.012
 64  B     0.378258  0.621742  0           -0.003
 65  B     0.878258  0.878258  0.5         -0.002
 66  B     0.121742  0.121742  0.5         -0.002
 67  B     0.621742  0.378258  0           -0.003",8.74E-06
mp-582394,"Full Formula (Nd4 Co14 B6)
Reduced Formula: Nd2Co7B3
abc   :   5.130139   5.130139  12.706959
angles:  90.000000  90.000000 120.000013
pbc   :       True       True       True
Sites (24)
  #  SP           a         b         c    magmom
---  ----  --------  --------  --------  --------
  0  Nd    0         0         0.260304     0.005
  1  Nd    0         0         0.5         -0
  2  Nd    0         0         0            0.014
  3  Nd    0         0         0.739696     0.005
  4  Co    0.5       0.5       0.156594    -0.047
  5  Co    0.5       0.5       0.384984    -0.03
  6  Co    0         0.5       0.843406    -0.064
  7  Co    0.5       0         0.156594    -0.041
  8  Co    0.5       0         0.843406    -0.041
  9  Co    0.5       0.5       0.615016    -0.03
 10  Co    0.5       0         0.384984    -0.022
 11  Co    0         0.5       0.156594    -0.064
 12  Co    0         0.5       0.384984    -0.021
 13  Co    0.5       0.5       0.843406    -0.047
 14  Co    0.5       0         0.615016    -0.022
 15  Co    0         0.5       0.615016    -0.021
 16  Co    0.666667  0.333333  0           -0.204
 17  Co    0.333333  0.666667  0           -0.204
 18  B     0.333333  0.666667  0.268768     0.001
 19  B     0.666667  0.333333  0.5          0.001
 20  B     0.333333  0.666667  0.731232     0.001
 21  B     0.666667  0.333333  0.268768     0.001
 22  B     0.666667  0.333333  0.731232     0.001
 23  B     0.333333  0.666667  0.5          0.001",0.000523683
mp-8793,"Full Formula (Nd5 Fe2 B6)
Reduced Formula: Nd5(FeB3)2
abc   :   8.730697   8.730697   8.730697
angles:  36.625071  36.625071  36.625066
pbc   :       True       True       True
Sites (13)
  #  SP           a         b         c    magmom
---  ----  --------  --------  --------  --------
  0  Nd    0.582873  0.582873  0.582873    -0.004
  1  Nd    0.417127  0.417127  0.417127    -0.004
  2  Nd    0.749026  0.749026  0.749026    -0.003
  3  Nd    0.250974  0.250974  0.250974    -0.003
  4  Nd    0         0         0           -0.006
  5  Fe    0.877705  0.877705  0.877705     0.343
  6  Fe    0.122295  0.122295  0.122295     0.343
  7  B     0.5       0.833348  0.166652    -0.001
  8  B     0.166652  0.5       0.833348     0.001
  9  B     0.833348  0.166652  0.5          0.001
 10  B     0.5       0.166652  0.833348    -0.001
 11  B     0.833348  0.5       0.166652     0.001
 12  B     0.166652  0.833348  0.5          0.001",0.003443298
mp-940,"Full Formula (Gd1 N1)
Reduced Formula: GdN
abc   :   3.527220   3.527220   3.527220
angles:  60.000000  60.000000  60.000000
pbc   :       True       True       True
Sites (2)
  #  SP      a    b    c    magmom
---  ----  ---  ---  ---  --------
  0  Gd    0    0    0       6.992
  1  N     0.5  0.5  0.5    -0.09",0.225587737
mp-569,"Full Formula (Nd1 Co5)
Reduced Formula: NdCo5
abc   :   5.017392   5.017392   3.941669
angles:  90.000000  90.000000 120.000001
pbc   :       True       True       True
Sites (6)
  #  SP           a         b    c    magmom
---  ----  --------  --------  ---  --------
  0  Nd    0         0         0      -0.006
  1  Co    0.333333  0.666667  0      -0.027
  2  Co    0.666667  0.333333  0      -0.027
  3  Co    0.5       0         0.5     0.042
  4  Co    0.5       0.5       0.5     0.049
  5  Co    0         0.5       0.5     0.058",0.000917906
mp-1071272,"Full Formula (Ce1 Al2 B1 Ru2)
Reduced Formula: CeAl2BRu2
abc   :   4.207291   4.207291   5.575322
angles:  90.000000  90.000000  90.000000
pbc   :       True       True       True
Sites (6)
  #  SP      a    b         c    magmom
---  ----  ---  ---  --------  --------
  0  Ce    0    0    0.5          0.649
  1  Al    0.5  0.5  0.740476    -0.001
  2  Al    0.5  0.5  0.259524    -0.001
  3  B     0    0    0           -0
  4  Ru    0.5  0    0           -0.027
  5  Ru    0    0.5  0           -0.018",0.008185128
mp-1077071,"Full Formula (Gd1 Co5)
Reduced Formula: GdCo5
abc   :   4.940392   4.940392   3.942933
angles:  90.000000  90.000000 120.000000
pbc   :       True       True       True
Sites (6)
  #  SP           a         b    c    magmom
---  ----  --------  --------  ---  --------
  0  Gd    0         0         0       6.746
  1  Co    0.666667  0.333333  0       1.497
  2  Co    0.333333  0.666667  0       1.497
  3  Co    0.5       0.5       0.5     1.631
  4  Co    0.5       0         0.5     1.567
  5  Co    0         0.5       0.5     1.306",0.168717025
mp-1025047,"Full Formula (Fe2 Co2 Ge2)
Reduced Formula: FeCoGe
abc   :   4.070432   4.070432   5.039481
angles:  90.000000  90.000000 120.000007
pbc   :       True       True       True
Sites (6)
  #  SP           a         b     c    magmom
---  ----  --------  --------  ----  --------
  0  Fe    0         0         0       -0.008
  1  Fe    0         0         0.5      0.081
  2  Co    0.333333  0.666667  0.75     0.391
  3  Co    0.666667  0.333333  0.25     0.391
  4  Ge    0.333333  0.666667  0.25    -0.008
  5  Ge    0.666667  0.333333  0.75    -0.008",0.005936227
mp-1024972,"Full Formula (Fe2 Ni2 Ge2)
Reduced Formula: FeNiGe
abc   :   4.075814   4.075814   4.988791
angles:  90.000000  90.000000 119.999993
pbc   :       True       True       True
Sites (6)
  #  SP           a         b     c    magmom
---  ----  --------  --------  ----  --------
  0  Fe    0.333333  0.666667  0.75     1.449
  1  Fe    0.666667  0.333333  0.25     1.45
  2  Ni    0         0         0        0.082
  3  Ni    0         0         0.5      0.115
  4  Ge    0.333333  0.666667  0.25    -0.066
  5  Ge    0.666667  0.333333  0.75    -0.066",0.020424259
mp-5436,"Full Formula (Fe1 Co2 Si1)
Reduced Formula: FeCo2Si
abc   :   3.976950   3.976950   3.976950
angles:  60.000000  60.000000  60.000000
pbc   :       True       True       True
Sites (4)
  #  SP       a     b     c    magmom
---  ----  ----  ----  ----  --------
  0  Fe    0     0     0        2.797
  1  Co    0.75  0.75  0.75     1.338
  2  Co    0.25  0.25  0.25     1.338
  3  Si    0.5   0.5   0.5      0.012",0.122748469
mp-1079405,"Full Formula (Mn3 P3 Rh3)
Reduced Formula: MnPRh
abc   :   5.996482   5.996482   3.681793
angles:  90.000000  90.000000 120.000002
pbc   :       True       True       True
Sites (9)
  #  SP           a         b    c    magmom
---  ----  --------  --------  ---  --------
  0  Mn    0.39479   0.39479   0.5     3.064
  1  Mn    0.60521   0         0.5     3.064
  2  Mn    0         0.60521   0.5     3.065
  3  P     0.666667  0.333333  0      -0.084
  4  P     0.333333  0.666667  0      -0.084
  5  P     0         0         0.5    -0.086
  6  Rh    0.735009  0.735009  0       0.033
  7  Rh    0.264991  0         0       0.033
  8  Rh    0         0.264991  0       0.033",0.026790741
mp-1079966,"Full Formula (Cr3 Ni3 P3)
Reduced Formula: CrNiP
abc   :   5.782194   5.782194   3.553335
angles:  90.000000  90.000000 120.000001
pbc   :       True       True       True
Sites (9)
  #  SP           a         b    c    magmom
---  ----  --------  --------  ---  --------
  0  Cr    0         0.408013  0.5     1.404
  1  Cr    0.591987  0.591987  0.5     1.4
  2  Cr    0.408013  0         0.5     1.412
  3  Ni    0         0.744212  0       0.055
  4  Ni    0.255788  0.255788  0       0.092
  5  Ni    0.744212  0         0       0.085
  6  P     0.333333  0.666667  0      -0.063
  7  P     0.666667  0.333333  0      -0.063
  8  P     0         0         0.5    -0.057",0.014082702
mp-5529,"Full Formula (Mn1 Fe2 Si1)
Reduced Formula: MnFe2Si
abc   :   3.954529   3.954529   3.954529
angles:  60.000000  60.000000  60.000000
pbc   :       True       True       True
Sites (4)
  #  SP       a     b     c    magmom
---  ----  ----  ----  ----  --------
  0  Mn    0     0     0        2.487
  1  Fe    0.75  0.75  0.75     0.26
  2  Fe    0.25  0.25  0.25     0.26
  3  Si    0.5   0.5   0.5     -0.01",0.068625338
mp-567353,"Full Formula (Mn2 Si2 Ni2)
Reduced Formula: MnSiNi
abc   :   4.056414   4.056414   4.844219
angles:  90.000000  90.000000 120.000006
pbc   :       True       True       True
Sites (6)
  #  SP           a         b     c    magmom
---  ----  --------  --------  ----  --------
  0  Mn    0.333333  0.666667  0.25     2.032
  1  Mn    0.666667  0.333333  0.75     2.036
  2  Si    0.666667  0.333333  0.25    -0.07
  3  Si    0.333333  0.666667  0.75    -0.069
  4  Ni    0         0         0        0.15
  5  Ni    0         0         0.5      0.131",0.030631253
mp-1188497,"Full Formula (Ca4 Mn4 O12)
Reduced Formula: CaMnO3
abc   :   5.390920   5.390920   9.217627
angles:  90.000000  90.000000 120.000004
pbc   :       True       True       True
Sites (20)
  #  SP           a         b         c    magmom
---  ----  --------  --------  --------  --------
  0  Ca    0         0         0.5         -0.004
  1  Ca    0         0         0           -0.004
  2  Ca    0.333333  0.666667  0.25        -0.01
  3  Ca    0.666667  0.333333  0.75        -0.01
  4  Mn    0.333333  0.666667  0.886273    -3.023
  5  Mn    0.666667  0.333333  0.113727    -3.023
  6  Mn    0.666667  0.333333  0.386273    -3.023
  7  Mn    0.333333  0.666667  0.613727    -3.023
  8  O     0.5       0.5       0.5         -0.04
  9  O     0.5       0         0.5         -0.04
 10  O     0         0.5       0.5         -0.04
 11  O     0.5       0.5       0           -0.04
 12  O     0.5       0         0           -0.04
 13  O     0         0.5       0           -0.04
 14  O     0.823739  0.176261  0.25         0.101
 15  O     0.823739  0.647477  0.25         0.101
 16  O     0.352523  0.176261  0.25         0.101
 17  O     0.176261  0.823739  0.75         0.101
 18  O     0.176261  0.352523  0.75         0.101
 19  O     0.647477  0.823739  0.75         0.101",0.002847918
mp-1024963,"Full Formula (Tb1 Co2 B2 C1)
Reduced Formula: TbCo2B2C
abc   :   5.719869   5.719869   5.719869
angles: 143.853773 143.853773  52.046009
pbc   :       True       True       True
Sites (6)
  #  SP           a         b    c    magmom
---  ----  --------  --------  ---  --------
  0  Tb    0.5       0.5       0      -0.005
  1  Co    0.25      0.75      0.5     0.155
  2  Co    0.75      0.25      0.5     0.155
  3  B     0.146107  0.146107  0      -0.009
  4  B     0.853893  0.853893  0      -0.009
  5  C     0         0         0       0.008",0.004629857
mp-778,"Full Formula (Fe6 P3)
Reduced Formula: Fe2P
abc   :   5.811197   5.811197   3.430587
angles:  90.000000  90.000000 120.000006
pbc   :       True       True       True
Sites (9)
  #  SP           a         b    c    magmom
---  ----  --------  --------  ---  --------
  0  Fe    0.591532  0         0.5     2.235
  1  Fe    0.408468  0.408468  0.5     2.224
  2  Fe    0         0.591532  0.5     2.274
  3  Fe    0         0.256556  0       0.904
  4  Fe    0.743444  0.743444  0       0.831
  5  Fe    0.256556  0         0       0.848
  6  P     0.666667  0.333333  0      -0.042
  7  P     0.333333  0.666667  0      -0.042
  8  P     0         0         0.5    -0.038",0.030094654
mp-1173284,"Full Formula (Sr24 Fe12 Mo12 O72)
Reduced Formula: Sr2FeMoO6
abc   :   5.636515   5.627909  68.179104
angles: 119.653579 119.706186  90.047686
pbc   :       True       True       True
Sites (120)
  #  SP           a         b         c    magmom
---  ----  --------  --------  --------  --------
  0  Sr    0.24405   0.743147  0.957323    -0
  1  Sr    0.248708  0.748924  0.874758    -0
  2  Sr    0.74854   0.249228  0.958189    -0
  3  Sr    0.242696  0.742632  0.790614     0.002
  4  Sr    0.74845   0.248164  0.874741     0.002
  5  Sr    0.250482  0.748594  0.708231     0.001
  6  Sr    0.740633  0.242447  0.790271    -0.001
  7  Sr    0.258011  0.761599  0.62669     -0.001
  8  Sr    0.751986  0.249657  0.708445     0.001
  9  Sr    0.254513  0.753881  0.542205     0.003
 10  Sr    0.755262  0.256959  0.626204     0.003
 11  Sr    0.250686  0.750065  0.458473    -0.001
 12  Sr    0.755456  0.254879  0.542338    -0.001
 13  Sr    0.250425  0.750077  0.375019     0.003
 14  Sr    0.750886  0.250191  0.458472     0.003
 15  Sr    0.250786  0.749405  0.291661    -0.001
 16  Sr    0.750701  0.250162  0.375042    -0.001
 17  Sr    0.249461  0.750132  0.208365     0.003
 18  Sr    0.750725  0.249511  0.29167      0.003
 19  Sr    0.249232  0.749657  0.124908    -0.003
 20  Sr    0.749482  0.25018   0.208365    -0.001
 21  Sr    0.249417  0.749359  0.04155      0.003
 22  Sr    0.749573  0.249934  0.12496      0.001
 23  Sr    0.746922  0.246791  0.041112     0
 24  Fe    0.001602  0.001996  0.916946     4.352
 25  Fe    0.99727   0.997986  0.832837     4.34
 26  Fe    0.000129  0.000573  0.66684      4.346
 27  Fe    0.003686  0.003974  0.583787     4.342
 28  Fe    0.999524  0.99939   0.750034     4.344
 29  Fe    0.000574  0.00012   0.416739     4.342
 30  Fe    0.000615  0.999272  0.333315     4.341
 31  Fe    0.002632  0.001969  0.500365     4.343
 32  Fe    0.995542  0.996316  0.165998     4.35
 33  Fe    0.001268  0.000982  0.250221     4.34
 34  Fe    0.505368  0.505448  0.08423      4.349
 35  Fe    0.491669  0.491329  0.998556     4.35
 36  Mo    0.494023  0.49453   0.915693     1.007
 37  Mo    0.497738  0.498845  0.832999     1.027
 38  Mo    0.496606  0.495989  0.749485     1.019
 39  Mo    0.502678  0.502872  0.667223     1.018
 40  Mo    0.504745  0.505484  0.584039     1.027
 41  Mo    0.502073  0.501293  0.500265     1.03
 42  Mo    0.500601  0.500352  0.416767     1.028
 43  Mo    0.501367  0.499964  0.333441     1.029
 44  Mo    0.499495  0.499324  0.249934     1.027
 45  Mo    0.994734  0.994885  0.082464     1.007
 46  Mo    0.502949  0.503813  0.16724      1.01
 47  Mo    0.002614  0.002252  0.000373     1.004
 48  O     0.250246  0.24955   0.957986     0.227
 49  O     0.215112  0.71724   0.916003     0.113
 50  O     0.287514  0.225473  0.916377     0.048
 51  O     0.246404  0.248556  0.874574     0.098
 52  O     0.748566  0.74805   0.958043     0.04
 53  O     0.711022  0.773084  0.916645     0.048
 54  O     0.217937  0.703011  0.832912     0.049
 55  O     0.776813  0.275411  0.916005     0.114
 56  O     0.284091  0.209048  0.833139     0.117
 57  O     0.247872  0.252757  0.791451     0.112
 58  O     0.74791   0.750276  0.874883     0.103
 59  O     0.713493  0.789198  0.833011     0.116
 60  O     0.214404  0.715116  0.750056     0.108
 61  O     0.776103  0.293884  0.832926     0.047
 62  O     0.280419  0.212475  0.749205     0.083
 63  O     0.250239  0.244894  0.709079     0.075
 64  O     0.747368  0.74893   0.790773     0.082
 65  O     0.710775  0.778909  0.749686     0.08
 66  O     0.211457  0.712131  0.666506     0.107
 67  O     0.781024  0.279648  0.749196     0.108
 68  O     0.292996  0.221171  0.667727     0.09
 69  O     0.261459  0.261786  0.626283     0.071
 70  O     0.740639  0.739085  0.707719     0.07
 71  O     0.71451   0.787065  0.667197     0.089
 72  O     0.228623  0.712889  0.584327     0.047
 73  O     0.794471  0.294098  0.667865     0.107
 74  O     0.289683  0.215137  0.583989     0.117
 75  O     0.253969  0.252749  0.542073     0.109
 76  O     0.752032  0.758489  0.625521     0.112
 77  O     0.722201  0.79486   0.584158     0.116
 78  O     0.212763  0.716002  0.500236     0.115
 79  O     0.782945  0.299227  0.584121     0.048
 80  O     0.295981  0.223526  0.500221     0.046
 81  O     0.250062  0.250441  0.458386     0.108
 82  O     0.754969  0.752234  0.542236     0.111
 83  O     0.708338  0.779884  0.500404     0.046
 84  O     0.223081  0.706143  0.416776     0.046
 85  O     0.790966  0.286464  0.500281     0.115
 86  O     0.285372  0.211366  0.416737     0.114
 87  O     0.249959  0.24898   0.374889     0.109
 88  O     0.751043  0.751357  0.458626     0.107
 89  O     0.715167  0.789008  0.416705     0.114
 90  O     0.211957  0.714293  0.333378     0.114
 91  O     0.777787  0.294291  0.416697     0.046
 92  O     0.294523  0.221475  0.333291     0.046
 93  O     0.250001  0.247781  0.291523     0.112
 94  O     0.752062  0.750358  0.375192     0.108
 95  O     0.706406  0.777541  0.333401     0.046
 96  O     0.221799  0.705358  0.249922     0.047
 97  O     0.789632  0.284927  0.333378     0.114
 98  O     0.283927  0.210452  0.249903     0.114
 99  O     0.248272  0.249136  0.208093     0.102
100  O     0.750174  0.749505  0.291765     0.109
101  O     0.714831  0.788191  0.249939     0.114
102  O     0.212637  0.7154    0.166989     0.116
103  O     0.778512  0.294832  0.250175     0.047
104  O     0.29469   0.222242  0.1666       0.047
105  O     0.248694  0.249092  0.124815     0.031
106  O     0.749715  0.751659  0.208441     0.096
107  O     0.703938  0.777661  0.166611     0.047
108  O     0.203746  0.721102  0.083176     0.048
109  O     0.790347  0.289134  0.166966     0.116
110  O     0.286846  0.209952  0.082877     0.116
111  O     0.250231  0.24967   0.041607     0.089
112  O     0.749481  0.749822  0.124956     0.225
113  O     0.707835  0.784888  0.082903     0.116
114  O     0.213766  0.713553  3e-05        0.108
115  O     0.794468  0.277295  0.083196     0.048
116  O     0.277638  0.19836   0.99925      0.052
117  O     0.746859  0.746922  0.041139     0.088
118  O     0.714893  0.793687  0.999358     0.051
119  O     0.787751  0.287284  0.000101     0.108",0.003887833
mp-573622,"Full Formula (Dy24 Co14)
Reduced Formula: Dy12Co7
abc   :  11.215462   8.279007  11.012099
angles:  54.752267  90.000000  90.000000
pbc   :       True       True       True
Sites (38)
  #  SP           a         b         c    magmom
---  ----  --------  --------  --------  --------
  0  Dy    0.841344  0.501976  0.657324    -0.015
  1  Dy    0.49456   0.846856  0.853063    -0.03
  2  Dy    0.658656  0.501976  0.157324    -0.015
  3  Dy    0.800227  0.750299  0.824356    -0.024
  4  Dy    0.572311  0.77038   0.585746    -0.023
  5  Dy    0.929934  0.267151  0.305222    -0.02
  6  Dy    0.570066  0.267151  0.805222    -0.02
  7  Dy    0.29502   0.76626   0.461684    -0.025
  8  Dy    0.300227  0.249701  0.675644    -0.024
  9  Dy    0.429934  0.732849  0.194778    -0.02
 10  Dy    0.427689  0.22962   0.414254    -0.022
 11  Dy    0.50544   0.153144  0.146937    -0.029
 12  Dy    0.341344  0.498024  0.842676    -0.015
 13  Dy    0.00544   0.846856  0.353063    -0.03
 14  Dy    0.070066  0.732849  0.694778    -0.02
 15  Dy    0.927689  0.77038   0.085746    -0.023
 16  Dy    0.20498   0.76626   0.961684    -0.025
 17  Dy    0.79502   0.23374   0.038316    -0.025
 18  Dy    0.70498   0.23374   0.538316    -0.025
 19  Dy    0.99456   0.153144  0.646937    -0.03
 20  Dy    0.699773  0.750299  0.324356    -0.024
 21  Dy    0.199773  0.249701  0.175644    -0.024
 22  Dy    0.158656  0.498024  0.342676    -0.015
 23  Dy    0.072311  0.22962   0.914254    -0.023
 24  Co    0.5       0.5       0.5          0.025
 25  Co    0.327423  0.090732  0.968914     0.386
 26  Co    0.190698  0.902641  0.156705     0.265
 27  Co    0.827423  0.909268  0.531086     0.386
 28  Co    0.402056  0.493412  0.099405    -0.011
 29  Co    0.097944  0.493412  0.599405    -0.011
 30  Co    0.672577  0.909268  0.031086     0.386
 31  Co    0.597944  0.506588  0.900595    -0.011
 32  Co    0         0.5       0            0.024
 33  Co    0.690698  0.097359  0.343295     0.265
 34  Co    0.172577  0.090732  0.468914     0.386
 35  Co    0.309302  0.902641  0.656705     0.266
 36  Co    0.902056  0.506588  0.400595    -0.011
 37  Co    0.809302  0.097359  0.843295     0.265",0.001192101
mp-10049,"Full Formula (Mn3 As3 Ru3)
Reduced Formula: MnAsRu
abc   :   6.549350   6.549350   3.610196
angles:  90.000000  90.000000 119.999996
pbc   :       True       True       True
Sites (9)
  #  SP           a         b    c    magmom
---  ----  --------  --------  ---  --------
  0  Mn    0.595843  0         0.5    -0.066
  1  Mn    0.404157  0.404157  0.5    -0.054
  2  Mn    0         0.595843  0.5    -0.05
  3  As    0.333333  0.666667  0       0.003
  4  As    0.666667  0.333333  0       0.003
  5  As    0         0         0.5     0.002
  6  Ru    0         0.257659  0       0.037
  7  Ru    0.257659  0         0       0.035
  8  Ru    0.742341  0.742341  0       0.035",0.000177257
mp-1188251,"Full Formula (Y1 Co12 B6)
Reduced Formula: Y(Co2B)6
abc   :   5.960165   5.960165   5.960165
angles: 103.988900 103.988900 103.988903
pbc   :       True       True       True
Sites (19)
  #  SP           a         b         c    magmom
---  ----  --------  --------  --------  --------
  0  Y     0         0         0           -0.075
  1  Co    0.132403  0.867597  0.5          0.334
  2  Co    0.5       0.132403  0.867597     0.373
  3  Co    0.867597  0.5       0.132403     0.35
  4  Co    0.5       0.867597  0.132403     0.373
  5  Co    0.132403  0.5       0.867597     0.35
  6  Co    0.867597  0.132403  0.5          0.334
  7  Co    0.543495  0.813925  0.543495     0.915
  8  Co    0.543495  0.543495  0.813925     0.903
  9  Co    0.813925  0.543495  0.543495     0.912
 10  Co    0.456505  0.186075  0.456505     0.915
 11  Co    0.456505  0.456505  0.186075     0.903
 12  Co    0.186075  0.456505  0.456505     0.912
 13  B     0.767267  0.323906  0.767267    -0.043
 14  B     0.767267  0.767267  0.323906    -0.044
 15  B     0.323906  0.767267  0.767267    -0.043
 16  B     0.232733  0.676094  0.232733    -0.043
 17  B     0.232733  0.232733  0.676094    -0.044
 18  B     0.676094  0.232733  0.232733    -0.043",0.037181237
mp-1102078,"Full Formula (Dy3 Ni9)
Reduced Formula: DyNi3
abc   :   4.954443   4.954443   8.589910
angles:  73.238566  73.238566  60.000006
pbc   :       True       True       True
Sites (12)
  #  SP           a          b          c    magmom
---  ----  --------  ---------  ---------  --------
  0  Dy    0.139311   0.139311   0.582067    -0.048
  1  Dy    0.860689   0.860689   0.417933    -0.048
  2  Dy    0         -0         -0           -0.043
  3  Ni    0.081598   0.582258   0.753887     0.115
  4  Ni    0.582258   0.582258   0.753887     0.122
  5  Ni    0.582258   0.081598   0.753887     0.153
  6  Ni    0.918402   0.417742   0.246113     0.115
  7  Ni    0.417742   0.417742   0.246113     0.122
  8  Ni    0.417742   0.918402   0.246113     0.153
  9  Ni    0.33323    0.33323    0.000309     0.159
 10  Ni    0.66677    0.66677    0.999691     0.159
 11  Ni    0.5        0.5        0.5          0.083",0.00181209
mp-542632,"Full Formula (Gd2 Ni2)
Reduced Formula: GdNi
abc   :   5.541584   5.541584   4.238835
angles:  90.000000  90.000000 140.251191
pbc   :       True       True       True
Sites (4)
  #  SP           a         b     c    magmom
---  ----  --------  --------  ----  --------
  0  Gd    0.860821  0.139179  0.25     7.075
  1  Gd    0.139179  0.860821  0.75     7.075
  2  Ni    0.42774   0.57226   0.75    -0.03
  3  Ni    0.57226   0.42774   0.25    -0.03",0.087193985
